mp-1,0.0
mp-2,0.0
mp-3,0.0
mp-4,0.0
mp-7,2.1651
mp-8,0.0
mp-9,0.0
mp-10,0.0
mp-11,0.0
mp-13,0.0
mp-14,0.8765000000000001
mp-17,0.0
mp-18,0.0
mp-19,0.1856
mp-20,0.0
mp-21,0.0
mp-23,0.0
mp-24,2.407
mp-25,7.3685
mp-26,0.0
mp-27,0.0
mp-28,0.0
mp-30,0.0
mp-32,0.0
mp-33,0.0
mp-34,0.0
mp-35,0.0
mp-36,0.0
mp-37,0.0
mp-38,0.0
mp-39,0.0
mp-41,0.0
mp-42,0.0
mp-43,0.0
mp-44,0.0
mp-45,0.0
mp-46,0.0
mp-47,3.3394999999999992
mp-48,0.0
mp-49,0.0
mp-50,0.0
mp-51,0.0
mp-53,0.0
mp-54,0.0
mp-55,0.0
mp-56,0.0
mp-58,0.0
mp-62,0.0
mp-63,0.0
mp-64,0.0
mp-66,4.1145
mp-67,0.0
mp-68,0.0
mp-69,0.0
mp-70,0.0
mp-71,0.0
mp-72,0.0
mp-73,0.0
mp-74,0.0
mp-75,0.0
mp-76,0.0
mp-77,2.7125
mp-78,0.0
mp-79,0.0
mp-80,0.0
mp-81,0.0
mp-82,0.0
mp-83,2.5729
mp-84,0.0
mp-85,0.0
mp-86,0.0
mp-87,0.0
mp-88,0.0
mp-89,0.0
mp-90,0.0
mp-91,0.0
mp-92,0.0
mp-93,0.0
mp-94,0.0
mp-95,0.0
mp-96,2.748
mp-97,0.0
mp-99,0.0
mp-100,0.0
mp-101,0.0
mp-102,0.0
mp-103,0.0
mp-104,0.0
mp-105,0.0
mp-107,0.0
mp-108,0.0
mp-109,0.0
mp-110,0.0
mp-111,11.6898
mp-112,0.0
mp-113,0.0
mp-114,0.0
mp-117,0.0
mp-118,3.6113
mp-119,0.0
mp-121,0.0
mp-122,0.0
mp-123,0.0
mp-124,0.0
mp-126,0.0
mp-127,0.0
mp-128,0.0
mp-129,0.0
mp-130,0.0
mp-131,0.0
mp-132,0.0
mp-133,0.0
mp-134,0.0
mp-135,0.0
mp-136,0.0
mp-137,0.3433
mp-139,0.0
mp-140,0.0
mp-142,0.0
mp-143,0.0
mp-144,0.0
mp-145,0.0
mp-146,0.0
mp-147,1.5329000000000002
mp-148,0.0
mp-149,0.6105
mp-150,0.0
mp-151,0.0
mp-153,0.0
mp-154,7.340999999999999
mp-155,0.0
mp-156,0.0
mp-157,0.010399999999999
mp-158,0.0
mp-159,0.0
mp-160,1.433399999999999
mp-161,0.0
mp-162,0.0
mp-165,0.438899999999999
mp-166,0.0
mp-168,0.0
mp-169,0.094599999999999
mp-171,0.0
mp-181,0.216299999999999
mp-193,0.0
mp-202,0.0
mp-238,0.0
mp-239,1.391299999999999
mp-266,0.0
mp-269,0.0
mp-288,0.3848
mp-313,0.0
mp-314,0.0
mp-323,4.816
mp-335,0.0
mp-341,1.9022
mp-368,3.8409
mp-395,0.0
mp-413,0.0
mp-429,0.0
mp-432,0.0
mp-454,0.0
mp-470,1.2157
mp-484,0.4326
mp-502,1.996999999999999
mp-522,0.0
mp-525,0.0
mp-536,0.0
mp-555,0.0
mp-560,0.0
mp-566,0.0
mp-573,0.0
mp-619,0.0
mp-623,0.0
mp-637,0.0
mp-706,1.7704
mp-711,0.0
mp-725,0.0
mp-726,3.2874
mp-742,0.0
mp-752,0.0
mp-759,0.0
mp-771,0.0
mp-825,0.0
mp-856,0.6519
mp-869,0.0
mp-873,0.0
mp-878,1.4612999999999992
mp-886,2.007799999999999
mp-894,0.0
mp-907,0.0
mp-917,2.3396
mp-945,0.0
mp-949,0.0
mp-964,0.0
mp-975,5.9124
mp-996,0.0
mp-1028,0.0
mp-1048,0.0
mp-1054,0.0
mp-1058,0.0
mp-1081,0.0
mp-1088,0.0
mp-1091,0.0
mp-1100,1.0375
mp-1105,2.2352
mp-1135,0.0
mp-1147,0.0
mp-1157,0.0
mp-1194,0.0
mp-1203,0.0
mp-1213,0.0
mp-1235,0.0
mp-1249,6.824
mp-1251,0.0
mp-1281,0.0
mp-1299,0.0
mp-1323,7.4026
mp-1329,0.0
mp-1336,0.0
mp-1337,0.0
mp-1359,0.0
mp-1372,0.1805
mp-1380,0.0
mp-1399,0.0
mp-1416,0.0
mp-1423,0.0
mp-1441,0.0
mp-1474,0.0
mp-1475,0.0
mp-1526,0.0
mp-1551,0.0
mp-1579,0.0
mp-1588,2.2206
mp-1590,0.0
mp-1595,2.171
mp-1601,0.0
mp-1619,0.0
mp-1620,0.0
mp-1627,0.0
mp-1632,0.0
mp-1644,0.0
mp-1652,0.0
mp-1657,0.0
mp-1670,0.0
mp-1683,0.3979
mp-1692,0.0
mp-1696,0.0
mp-1699,0.0
mp-1707,3.8146
mp-1722,0.0
mp-1735,1.616
mp-1745,3.7443
mp-1749,0.0
mp-1759,0.0
mp-1760,0.0942
mp-1797,0.0
mp-1825,0.0
mp-1827,0.0
mp-1834,0.0
mp-1842,0.0
mp-1863,1.451899999999999
mp-1864,0.1139
mp-1866,0.0
mp-1873,3.4592
mp-1879,0.0
mp-1891,0.0
mp-1903,0.0
mp-1936,0.0
mp-1953,0.0
mp-1961,0.0
mp-1963,0.0
mp-1967,0.0
mp-1969,0.0047
mp-1973,0.0
mp-1974,0.0
mp-1976,0.0
mp-1995,0.0
mp-2048,0.0
mp-2059,0.0
mp-2071,0.3144
mp-2078,0.0
mp-2089,0.0
mp-2091,0.0
mp-2097,0.4096
mp-2105,0.0
mp-2119,0.0
mp-2120,0.0
mp-2123,0.0
mp-2196,0.0
mp-2213,0.0
mp-2221,0.0
mp-2234,1.4691
mp-2237,0.0
mp-2260,0.0
mp-2278,0.146199999999999
mp-2289,0.0
mp-2297,0.0
mp-2309,1.1832
mp-2313,0.0
mp-2330,0.0
mp-2336,0.0
mp-2348,0.0
mp-2367,0.0
mp-2378,0.0
mp-2409,0.0
mp-2441,0.0018
mp-2457,3.940699999999999
mp-2460,4.1023
mp-2461,0.0
mp-2466,0.0
mp-2482,1.3593
mp-2486,0.0
mp-2500,0.0
mp-2510,0.0
mp-2512,0.0
mp-2533,0.0
mp-2541,0.0
mp-2550,0.0
mp-2554,0.0
mp-2556,0.0
mp-2565,1.4408
mp-2574,3.8514
mp-2583,0.0
mp-2592,0.0
mp-2614,0.0
mp-2618,0.0
mp-2623,0.0
mp-2630,1.6917
mp-2643,0.0
mp-2657,1.780999999999999
mp-2659,3.6364
mp-2669,0.337099999999999
mp-2678,0.0
mp-2685,0.0
mp-2697,2.8495
mp-2705,0.0
mp-2706,3.114999999999999
mp-2707,0.0
mp-2717,0.0
mp-2719,0.0
mp-2723,0.0
mp-2728,0.0
mp-2731,0.0
mp-2733,0.0
mp-2760,0.0
mp-2767,0.0
mp-2768,0.0
mp-2775,0.0
mp-2780,0.0
mp-2793,0.262799999999999
mp-2831,0.0
mp-2839,0.0
mp-2847,0.0
mp-6947,5.0337
mp-6950,0.0
mp-6985,0.0
mp-6986,0.0
mp-7048,4.4553
mp-7097,0.0
mp-7098,0.0
mp-7135,0.0
mp-7162,0.0
mp-7163,0.0
mp-7188,0.289899999999999
mp-7192,0.0
mp-7236,0.0
mp-7245,0.0
mp-7260,2.5427
mp-7281,0.0
mp-7283,0.0
mp-7291,0.0
mp-7332,0.0
mp-7459,0.0
mp-7474,0.0
mp-7487,2.7678000000000003
mp-7493,0.0
mp-7507,0.0
mp-7526,0.0
mp-7548,0.926
mp-7568,0.0
mp-7582,2.5974999999999993
mp-7583,3.2415
mp-7590,0.0
mp-7591,0.0
mp-7598,0.0
mp-7599,7.0846
mp-7698,0.0
mp-7754,0.0
mp-7755,0.0
mp-7761,0.0
mp-7808,0.5735
mp-7818,0.0
mp-7819,0.0
mp-7859,0.0
mp-7924,0.0
mp-7945,0.0
mp-7947,0.0
mp-8093,0.0
mp-8094,0.0
mp-8234,0.8198000000000001
mp-8282,0.0
mp-8357,0.0
mp-8371,0.0
mp-8462,0.0
mp-8546,0.0
mp-8566,0.0
mp-8632,0.0
mp-8633,0.0
mp-8634,0.0
mp-8635,0.0
mp-8636,0.0
mp-8637,0.0
mp-8638,0.0
mp-8639,0.0
mp-8640,0.0
mp-8641,0.0
mp-8642,0.0
mp-8643,0.0
mp-8732,0.0
mp-8936,0.8559
mp-8937,0.0
mp-9092,1.1633
mp-9254,1.046099999999999
mp-9305,0.0
mp-9339,0.1162
mp-9429,0.0
mp-9548,0.5112999999999991
mp-9848,0.0
mp-9849,0.009399999999999
mp-9850,0.0937
mp-9851,0.1063
mp-9852,0.1259
mp-9853,0.1367
mp-9854,0.1371
mp-9907,0.0
mp-9920,0.2261
mp-9921,1.113299999999999
mp-9922,1.1326
mp-9923,0.0
mp-9924,0.0
mp-9978,0.0
mp-9983,0.0
mp-10004,0.0
mp-10018,0.0
mp-10021,0.0
mp-10023,0.0
mp-10024,0.0
mp-10032,0.0
mp-10048,0.0
mp-10074,1.5188
mp-10106,0.0
mp-10157,0.0
mp-10162,0.0
mp-10172,0.0
mp-10173,0.0
mp-10177,0.0
mp-10190,0.0
mp-10201,0.0
mp-10207,0.0
mp-10257,0.0
mp-10564,0.0
mp-10597,0.0
mp-10617,0.0
mp-10630,0.0
mp-10631,0.0
mp-10636,0.0
mp-10641,0.0
mp-10649,0.0
mp-10654,0.0
mp-10658,0.0
mp-10659,0.0
mp-10660,0.0
mp-10661,0.0
mp-10679,0.0
mp-10683,0.0
mp-10740,0.0
mp-10750,0.0
mp-10751,0.0
mp-10752,0.0
mp-10753,0.0
mp-10765,0.0
mp-10845,0.0
mp-10861,0.0
mp-10869,0.0
mp-10909,0.0
mp-11106,0.0
mp-11108,0.0001
mp-11140,0.0
mp-11239,0.0
mp-11241,0.0
mp-11252,0.0
mp-11272,0.0
mp-11288,0.0
mp-11291,0.0
mp-11299,0.0
mp-11329,0.0
mp-11334,0.0
mp-11343,0.0
mp-11359,0.0
mp-11387,0.0
mp-11393,0.0
mp-11416,0.0
mp-11421,0.0
mp-11446,0.0
mp-11454,0.0
mp-11464,0.0
mp-11470,0.0
mp-11493,0.0
mp-11513,0.0
mp-11534,0.0
mp-11567,0.0
mp-11675,0.0
mp-11687,0.0
mp-11690,0.0
mp-11696,0.0
mp-11697,0.0
mp-11698,0.0
mp-11725,6.4419
mp-11798,0.0
mp-11800,0.0
mp-11832,0.0
mp-11841,0.0
mp-11870,0.0
mp-12049,0.0
mp-12093,0.0
mp-12103,0.963499999999999
mp-12105,0.0
mp-12180,2.0185
mp-12241,0.0
mp-12406,0.0
mp-12543,0.0
mp-12544,0.0
mp-12545,0.0
mp-12561,0.013399999999999
mp-12569,0.0
mp-12581,0.0
mp-12605,0.0
mp-12628,0.0
mp-12664,0.0
mp-12665,0.0
mp-12666,0.0
mp-12675,0.0
mp-12693,0.0
mp-12700,0.0
mp-12742,0.0
mp-12761,0.0
mp-12764,0.0
mp-12765,0.0
mp-12771,0.0
mp-12794,0.0
mp-12857,0.0
mp-12875,0.0
mp-12883,3.5354
mp-12957,1.0933
mp-13151,4.7783
mp-13152,0.0
mp-13155,0.0
mp-13156,0.0
mp-13164,0.0
mp-13363,0.0
mp-13412,0.0
mp-13415,0.0
mp-13427,0.0
mp-13447,0.0
mp-13451,0.0
mp-13452,0.0
mp-13470,0.0
mp-13494,0.0
mp-13497,0.0
mp-13498,0.0
mp-14015,0.0
mp-15325,0.0
mp-15514,1.1815
mp-15622,0.317099999999999
mp-15624,0.0
mp-15669,0.0
mp-15670,0.0
mp-15681,0.0
mp-15697,0.0
mp-15700,0.0
mp-15957,0.0
mp-16220,0.5334000000000001
mp-16475,0.0
mp-16508,0.0
mp-16521,0.0
mp-16609,1.105499999999999
mp-16723,0.0
mp-16756,0.0
mp-17279,5.7151
mp-17880,0.0
mp-17974,0.0
mp-18167,0.0
mp-18254,0.0
mp-18280,5.7361
mp-18427,0.0
mp-18614,0.0
mp-18622,0.0
mp-18654,0.0
mp-18687,4.5694
mp-18773,1.3319
mp-18896,0.5218
mp-18922,0.5504
mp-19094,0.0
mp-19177,0.041999999999999
mp-19275,0.0
mp-19372,0.0
mp-19443,1.1503
mp-19783,0.0
mp-19819,0.0
mp-19858,0.0
mp-19867,0.0
mp-19889,0.0
mp-19921,1.4635999999999991
mp-19933,0.0
mp-19981,0.0
mp-19984,0.0
mp-20034,0.0
mp-20055,0.0
mp-20071,0.0
mp-20130,0.0
mp-20174,0.0
mp-20191,0.377400000000001
mp-20196,0.0
mp-20215,0.0
mp-20311,0.0
mp-20372,0.0
mp-20394,0.0
mp-20405,0.0
mp-20426,0.0
mp-20433,0.0
mp-20466,0.0
mp-20467,0.0
mp-20483,0.0
mp-20488,1.0142
mp-20494,0.0
mp-20552,0.0
mp-20559,0.0
mp-20560,0.0
mp-20593,0.0
mp-20617,0.0
mp-20642,0.0
mp-20652,1.9078
mp-20656,0.0
mp-20664,0.0
mp-20683,0.0
mp-20689,0.0
mp-20725,0.0
mp-20736,0.0
mp-20738,0.0
mp-20745,0.0
mp-20994,0.0
mp-21042,0.0
mp-21098,0.0
mp-21109,0.0
mp-21140,0.0
mp-21149,0.0
mp-21187,0.0
mp-21237,0.0
mp-21273,0.0
mp-21296,0.0
mp-21335,0.0
mp-21346,0.0
mp-21377,0.0
mp-21405,1.0804
mp-21462,0.0
mp-21468,0.0
mp-21477,0.0
mp-21538,0.0
mp-21589,0.0
mp-21596,0.0
mp-21657,0.0
mp-21658,0.0
mp-21848,0.0
mp-21884,0.0
mp-22046,0.0
mp-22050,0.0
mp-22077,0.0
mp-22236,0.0
mp-22466,0.0
mp-22481,0.0
mp-22482,0.0
mp-22508,0.0
mp-22510,0.0
mp-22562,0.0
mp-22633,1.133
mp-22678,0.0
mp-22687,0.0
mp-22692,0.0
mp-22700,0.0
mp-22732,0.0
mp-22777,0.0
mp-22817,0.0
mp-22827,0.0
mp-22848,2.5434
mp-22853,0.150099999999999
mp-22854,0.1283
mp-22859,1.6513
mp-22863,1.5721999999999992
mp-22885,2.686199999999999
mp-22897,2.7243
mp-22902,0.0
mp-22904,5.3533
mp-22909,4.0533
mp-22917,0.9962
mp-22924,0.0
mp-23152,0.0
mp-23153,0.9846
mp-23154,1.3261999999999992
mp-23155,8.5132
mp-23156,17.7675
mp-23157,0.0
mp-23158,17.6377
mp-23169,0.281699999999999
mp-23177,2.2557
mp-23192,1.3324
mp-23194,0.0
mp-23195,1.6582
mp-23219,0.0
mp-23307,2.2227
mp-23313,0.0
mp-23710,3.709699999999999
mp-23907,7.4848
mp-24286,0.0
mp-24291,0.0
mp-24504,8.0699
mp-24726,0.0
mp-25207,1.672699999999999
mp-25229,0.0
mp-25469,5.263
mp-27153,0.2115
mp-27160,0.0
mp-27182,2.2701
mp-27194,1.7061000000000002
mp-27215,0.2568
mp-27258,0.0
mp-27298,0.0
mp-27340,0.0
mp-27397,1.5604
mp-27455,4.9300999999999995
mp-27513,0.0
mp-27519,2.4312
mp-27561,0.0
mp-27630,0.146799999999999
mp-27666,1.897
mp-27668,0.0
mp-27678,0.760699999999999
mp-27684,1.099199999999999
mp-27701,0.7422000000000001
mp-27708,0.927
mp-27725,2.0942
mp-27731,0.0
mp-27732,0.0
mp-27757,0.0
mp-27770,1.521199999999999
mp-27793,0.0
mp-27840,0.0
mp-27871,1.2584
mp-27962,1.1181
mp-28034,0.8419999999999991
mp-28056,0.0
mp-28062,3.8056
mp-28149,0.0
mp-28212,0.0
mp-28571,0.0
mp-28704,0.0
mp-28733,0.0
mp-28753,0.0
mp-28777,0.0
mp-28879,1.1418
mp-28910,0.0
mp-28916,0.0
mp-28919,0.0
mp-28978,1.2985
mp-29055,0.2153
mp-29292,3.344699999999999
mp-29422,4.1668
mp-29465,1.2245
mp-29554,0.0
mp-29619,0.0
mp-29635,0.0
mp-29652,0.0
mp-29661,0.0
mp-29727,0.0
mp-29771,2.5620000000000003
mp-29831,2.8257
mp-29841,0.0
mp-29973,0.0
mp-30009,2.92
mp-30021,0.0
mp-30064,0.0
mp-30282,0.1718
mp-30305,0.0
mp-30339,0.0
mp-30358,0.0
mp-30359,0.0
mp-30383,0.0
mp-30409,0.0
mp-30410,0.0
mp-30412,0.0
mp-30420,0.0
mp-30464,0.0
mp-30471,0.0
mp-30488,0.0
mp-30500,0.0
mp-30501,0.0
mp-30522,0.0
mp-30527,0.0
mp-30568,0.0
mp-30581,0.0
mp-30589,0.0
mp-30599,0.0
mp-30614,0.0
mp-30624,0.0
mp-30665,0.0
mp-30670,0.0
mp-30681,0.0
mp-30684,0.0
mp-30685,0.0
mp-30703,0.0
mp-30720,0.0
mp-30721,0.0
mp-30748,0.0
mp-30768,0.0
mp-30772,0.0
mp-30776,0.0
mp-30789,0.0
mp-30836,0.0
mp-30852,0.0
mp-30870,0.0
mp-30883,0.0
mp-30886,0.0
mp-30952,4.1775
mp-30985,0.0
mp-30999,0.0
mp-31002,0.2365
mp-31007,0.0
mp-31010,0.284299999999999
mp-31019,0.0
mp-31040,1.0797
mp-31049,3.4112
mp-31070,1.7164
mp-31103,0.0
mp-31138,0.0
mp-31139,0.0
mp-31178,0.0
mp-31181,0.0
mp-31221,0.0
mp-31284,0.0
mp-31379,0.0
mp-31404,0.0
mp-31467,0.0
mp-31485,0.0
mp-31493,0.147199999999999
mp-32554,0.0
mp-32564,0.0
mp-32565,0.0
mp-32578,0.0
mp-32581,0.9258999999999992
mp-32586,1.835999999999999
mp-32590,0.0
mp-32594,1.5046
mp-32606,0.250799999999999
mp-32625,0.0
mp-32629,0.0
mp-32633,0.5265000000000001
mp-32635,0.3946
mp-32642,2.0514
mp-32645,1.807599999999999
mp-32652,0.0
mp-32672,0.0035
mp-32679,0.0
mp-32688,1.4781
mp-32689,1.475099999999999
mp-32692,1.9475
mp-32727,0.0
mp-32736,1.6676000000000002
mp-32749,0.0
mp-32755,1.0395
mp-32787,1.9342
mp-32795,0.0
mp-32798,1.58
mp-32800,2.2962
mp-32826,1.9090999999999991
mp-32829,0.0
mp-32833,0.5446
mp-32838,0.0
mp-32850,1.696399999999999
mp-32854,1.0035
mp-32868,0.6242999999999991
mp-32873,0.0
mp-32880,0.4449
mp-32891,1.901899999999999
mp-32906,1.9531
mp-32933,2.0032
mp-32959,5.275399999999999
mp-32983,0.0
mp-32994,0.0
mp-33024,4.0901
mp-33107,1.192899999999999
mp-33154,0.0
mp-33218,0.0
mp-33239,0.0
mp-34150,0.921899999999999
mp-34260,4.358900000000001
mp-38238,0.0
mp-504759,0.9911
mp-505366,1.6885
mp-505531,0.0
mp-505536,0.0
mp-510032,1.1521
mp-510285,0.0
mp-510408,0.0
mp-510436,0.0
mp-510438,0.0
mp-510536,0.0
mp-510554,0.0
mp-510568,1.7022
mp-510751,0.0
mp-530018,0.0
mp-530033,2.4459
mp-530074,0.0
mp-540538,0.0
mp-541289,1.5992000000000002
mp-541404,0.7584000000000001
mp-541594,0.0
mp-541637,0.0
mp-541840,0.0
mp-541844,0.1279
mp-541848,0.0
mp-542044,0.056999999999999
mp-542293,0.0
mp-542339,0.0
mp-542449,0.0
mp-542454,0.0
mp-542461,1.5703
mp-542573,0.0
mp-542595,0.0
mp-542605,1.390199999999999
mp-542606,0.0
mp-542634,0.0
mp-542812,1.0066
mp-542909,0.0
mp-542910,0.0
mp-542915,0.0
mp-543061,0.0
mp-545488,0.334499999999999
mp-545771,0.0
mp-545796,0.0
mp-546794,5.689599999999999
mp-547271,0.0
mp-551470,0.5194000000000001
mp-554055,0.0
mp-554278,2.6774
mp-554355,5.1414
mp-554665,5.0136
mp-554755,5.606400000000001
mp-555026,7.4176
mp-555159,3.5518
mp-555211,5.6913
mp-555283,0.0
mp-555556,5.774
mp-555574,3.997499999999999
mp-555760,2.2718
mp-555853,0.3186
mp-555908,2.2721
mp-555915,2.574799999999999
mp-555934,0.0
mp-555948,2.0208
mp-556048,1.5566
mp-556225,1.0853
mp-556253,4.1691
mp-556269,2.3783
mp-556319,5.2035
mp-556477,4.2763
mp-556480,0.0
mp-556564,0.302
mp-556584,3.7016
mp-556588,4.0078
mp-556750,0.0
mp-556788,4.7965
mp-556859,1.214
mp-556880,5.0612
mp-556911,1.6921
mp-556985,5.6098
mp-556994,5.3836
mp-556995,3.6365
mp-557004,5.5806
mp-557017,2.5295
mp-557031,2.0442
mp-557376,2.1627
mp-557488,2.4187
mp-557559,2.496299999999999
mp-557691,3.411
mp-557835,2.9859
mp-557869,2.3843
mp-557873,5.6607
mp-557894,5.9287
mp-557930,5.8743
mp-558014,2.1763
mp-558200,5.642899999999999
mp-558203,6.021100000000001
mp-558301,5.6614
mp-558336,4.0575
mp-558351,5.626799999999999
mp-558564,5.683
mp-558573,3.9557
mp-558748,3.4806
mp-558928,2.7303
mp-558947,5.7972
mp-558964,2.5982000000000003
mp-559122,1.2542
mp-559347,5.3784
mp-559360,5.7962
mp-559445,1.2536
mp-559798,4.9116
mp-559964,0.0
mp-560131,5.7724
mp-560152,5.6007
mp-560155,5.8378
mp-560190,0.9108
mp-560236,6.3826
mp-560602,1.3241
mp-560708,5.819199999999999
mp-560754,1.359999999999999
mp-560902,2.536299999999999
mp-560908,0.0
mp-561149,0.0
mp-561197,5.5366
mp-561203,2.8962
mp-561291,5.2477
mp-561367,2.3942
mp-561370,2.4117
mp-561513,2.4646
mp-562561,1.6843
mp-566801,0.353599999999999
mp-567144,0.0
mp-567207,0.0
mp-567279,3.8828
mp-567308,0.0
mp-567313,0.5606
mp-567332,0.0
mp-567337,0.0
mp-567345,0.0
mp-567365,7.1771
mp-567379,0.0
mp-567409,0.0
mp-567525,0.0
mp-567540,0.0
mp-567584,0.0
mp-567586,0.0
mp-567597,0.0
mp-567624,0.0
mp-567630,0.0
mp-567638,0.0
mp-567752,0.0
mp-567772,0.0
mp-567809,1.5986
mp-567826,0.0
mp-567842,0.0
mp-567846,0.0
mp-567872,0.0
mp-567919,0.0
mp-567929,0.0
mp-567944,3.3203
mp-567968,0.8909
mp-568018,0.267599999999999
mp-568028,0.304199999999999
mp-568052,0.210699999999999
mp-568069,0.0
mp-568087,0.0
mp-568143,0.0
mp-568145,8.489799999999999
mp-568172,1.3593
mp-568220,0.0
mp-568225,0.0
mp-568286,0.0
mp-568301,2.8692
mp-568306,0.0
mp-568345,0.0
mp-568348,1.8454
mp-568363,0.0
mp-568388,0.8279000000000001
mp-568404,0.0
mp-568410,0.0281
mp-568584,6.9553
mp-568610,0.0
mp-568714,0.0
mp-568718,0.0
mp-568742,1.3751
mp-568746,0.0
mp-568748,0.0
mp-568758,0.7863999999999991
mp-568774,0.067099999999999
mp-568792,0.0
mp-568806,0.0
mp-568827,0.0
mp-568838,0.0
mp-568912,0.0
mp-568927,0.9588999999999992
mp-568938,0.0
mp-569007,0.0
mp-569073,0.0
mp-569141,0.0
mp-569147,0.0
mp-569167,0.0
mp-569175,3.6058
mp-569281,0.0
mp-569289,0.0
mp-569304,0.0148
mp-569318,0.0
mp-569358,0.0
mp-569360,0.0967
mp-569410,1.7516
mp-569416,0.1056
mp-569423,0.0
mp-569517,4.5686
mp-569535,0.0
mp-569567,4.4229
mp-569679,1.9671
mp-569688,0.0
mp-569765,0.0
mp-569766,0.7871
mp-569776,0.0
mp-569794,0.0
mp-569841,0.0
mp-569858,0.0
mp-569867,0.378
mp-569901,0.0
mp-570002,3.0059
mp-570034,0.0
mp-570087,0.0
mp-570108,0.0
mp-570179,0.0
mp-570197,0.0
mp-570199,0.0
mp-570219,2.489
mp-570232,4.5219000000000005
mp-570286,0.0
mp-570301,0.6990000000000001
mp-570316,0.0
mp-570325,0.0
mp-570384,0.0
mp-570451,0.0
mp-570459,0.0
mp-570481,1.7696
mp-570491,0.0
mp-570510,6.1917
mp-570538,3.9442
mp-570560,0.0
mp-570562,0.0
mp-570578,0.0
mp-570602,0.0
mp-570629,0.0
mp-570687,0.8720000000000001
mp-570747,6.739
mp-570752,6.6358999999999995
mp-570763,0.0
mp-570778,2.6476
mp-570844,0.676999999999999
mp-570920,0.0
mp-570922,4.9801
mp-570987,0.0
mp-571030,0.0
mp-571033,0.0
mp-571060,0.0
mp-571166,4.4482
mp-571235,2.021
mp-571247,0.0
mp-571249,0.0
mp-571256,0.0
mp-571258,0.0
mp-571261,0.0
mp-571279,0.3161
mp-571335,0.0
mp-571377,0.0
mp-571383,0.1783
mp-571438,0.0
mp-571495,0.0
mp-571505,0.0
mp-571520,0.0
mp-571576,0.0
mp-571608,0.0
mp-571622,0.0
mp-571624,0.0
mp-572822,1.6966
mp-573579,0.0
mp-573691,0.0
mp-573810,0.0
mp-573815,0.9469999999999992
mp-574338,0.0
mp-579909,0.0
mp-579963,0.0
mp-580226,0.0
mp-580931,0.0
mp-581747,0.0
mp-581833,3.7529
mp-582055,0.0
mp-582799,0.0
mp-582819,0.0
mp-583072,2.4672
mp-583168,0.0
mp-583234,0.0
mp-583740,0.0
mp-600001,5.7968
mp-600002,5.4674
mp-600003,5.5474
mp-600006,5.523499999999999
mp-600015,5.8166
mp-600067,5.8489
mp-600072,5.8422
mp-600076,5.5245
mp-600080,5.6971
mp-600085,5.6023
mp-600109,5.5665
mp-601148,0.0
mp-601273,0.0
mp-601820,0.0
mp-601823,0.0
mp-601848,0.0
mp-604313,0.0
mp-604318,0.0
mp-604321,0.0
mp-604325,0.0
mp-604908,0.0
mp-604910,0.0
mp-604914,0.0
mp-604915,0.0
mp-605790,0.0
mp-606949,0.0
mp-607111,0.0
mp-607225,0.0
mp-607450,0.229
mp-607540,0.0
mp-608100,0.310899999999999
mp-608439,1.071799999999999
mp-610522,0.0
mp-610917,1.3227
mp-611062,0.0
mp-611219,1.761099999999999
mp-611224,0.0
mp-611426,4.521799999999999
mp-611448,4.399799999999999
mp-611517,6.2094
mp-611836,1.314299999999999
mp-612118,7.1828
mp-613989,0.0
mp-614456,17.8914
mp-614502,0.0
mp-615138,3.283
mp-615820,0.0
mp-615993,5.5053
mp-616440,4.3668
mp-616575,0.0
mp-618813,0.229499999999999
mp-620471,0.0
mp-621667,0.0
mp-622497,0.0
mp-622570,0.0
mp-623066,0.0
mp-623452,0.0
mp-623511,0.0
mp-623532,0.0
mp-623782,0.2822
mp-624668,0.0
mp-624889,0.0
mp-630227,0.9121999999999992
mp-630976,0.0
mp-632172,9.3289
mp-632219,0.0
mp-632250,7.4222
mp-632286,0.0
mp-632291,8.8499
mp-632311,0.0
mp-632329,0.0
mp-632401,0.0
mp-632413,0.062799999999999
mp-632442,0.0
mp-633538,0.0
mp-634101,2.584699999999999
mp-634659,7.5517
mp-634859,2.7345
mp-634867,0.0
mp-634965,0.0
mp-635425,6.7775
mp-635471,0.0
mp-636095,0.0
mp-636291,0.0
mp-636368,0.2215
mp-636946,0.0
mp-637377,0.0
mp-637599,0.0
mp-637631,0.0
mp-638038,0.0
mp-638253,0.0
mp-638900,0.1031
mp-639480,5.6227
mp-639511,5.7277000000000005
mp-639682,5.7946
mp-639690,0.0
mp-639727,0.0
mp-639734,5.449199999999999
mp-639736,0.0
mp-639747,0.0
mp-639751,0.0
mp-639755,0.0
mp-639774,0.0
mp-639874,0.0
mp-639892,0.0
mp-640045,0.0
mp-640079,0.0
mp-640416,0.0
mp-641509,0.0
mp-641526,0.0
mp-641945,0.0
mp-642644,0.0
mp-643084,2.905699999999999
mp-643430,0.0
mp-643542,0.0
mp-644514,0.540999999999999
mp-644607,6.3098
mp-644693,0.0
mp-644739,0.0
mp-644802,1.056699999999999
mp-644923,5.72
mp-645339,0.0
mp-645418,0.0
mp-645449,0.0
mp-646039,0.0
mp-647924,0.0
mp-649605,0.0
mp-650328,0.0
mp-654801,0.072799999999999
mp-655141,0.8323
mp-655446,0.0
mp-655547,0.0
mp-656615,0.0
mp-658803,0.7390000000000001
mp-661384,4.9527
mp-662706,5.611800000000001
mp-662804,0.0
mp-663422,4.3608
mp-664137,2.149
mp-664980,1.0518
mp-666931,2.603399999999999
mp-667273,1.0093
mp-667383,5.5383
mp-669320,0.0
mp-669382,0.0
mp-669497,0.0
mp-669594,0.0
mp-669913,0.0
mp-672204,0.378699999999999
mp-672217,0.0
mp-672233,6.5645
mp-672234,2.9912
mp-672241,0.0
mp-672256,0.0
mp-672265,0.0
mp-672326,0.2095
mp-672389,0.0
mp-673171,0.0
mp-673255,0.0
mp-673637,0.0
mp-673644,1.8720999999999992
mp-673645,0.0
mp-673649,0.0
mp-673650,1.792899999999999
mp-673654,0.049499999999999
mp-673656,1.5955
mp-673671,0.0
mp-673673,0.0
mp-673681,0.0
mp-673683,0.0
mp-673700,0.0
mp-673800,0.0
mp-674158,2.0034
mp-674644,0.6421
mp-674831,0.0
mp-675211,2.4793
mp-675957,1.2218
mp-676011,0.0
mp-676024,0.0
mp-676241,0.6636000000000001
mp-676620,0.0
mp-677074,0.0
mp-678007,0.652
mp-679962,0.0
mp-680204,5.6096
mp-680259,0.0
mp-680260,0.0
mp-680266,0.0
mp-680339,0.755599999999999
mp-680372,0.7159
mp-680383,0.0
mp-680443,0.3692
mp-680463,0.391399999999999
mp-680580,0.248
mp-680640,0.0
mp-680677,0.0
mp-680742,0.0
mp-680850,0.0
mp-680944,1.764
mp-681150,0.0
mp-682953,0.9465999999999992
mp-683919,1.1035
mp-684081,0.0
mp-684580,1.3143
mp-684591,3.3421
mp-684594,0.0
mp-684617,1.008099999999999
mp-684619,0.0
mp-684626,0.4918
mp-684627,0.0
mp-684654,1.3046
mp-684657,0.0
mp-684663,0.0
mp-684673,0.0
mp-684677,3.976099999999999
mp-684678,0.0539
mp-684679,1.5408
mp-684691,0.0
mp-684708,1.971899999999999
mp-684709,0.0
mp-684711,0.0
mp-684712,1.1643
mp-684713,3.221899999999999
mp-684726,0.0
mp-684747,1.6840000000000002
mp-684787,0.016299999999999
mp-684844,0.0
mp-684856,0.0824
mp-684860,0.0
mp-684876,0.0
mp-684881,0.0
mp-684897,3.076199999999999
mp-684898,0.0
mp-684911,0.9629999999999992
mp-684922,0.0
mp-684934,0.0
mp-684943,0.0
mp-684958,0.0
mp-684965,0.0
mp-684966,0.0
mp-684969,0.927999999999999
mp-684970,0.0
mp-684990,3.1085
mp-685003,1.580899999999999
mp-685023,0.0
mp-685031,0.0871
mp-685036,3.298499999999999
mp-685041,1.658099999999999
mp-685043,1.2319
mp-685047,0.0
mp-685048,0.0
mp-685070,0.1026
mp-685089,0.0
mp-685090,0.0089
mp-685099,0.0
mp-685105,0.3892
mp-685107,0.0
mp-685108,0.0
mp-685151,0.0
mp-685153,0.9977
mp-685157,1.479499999999999
mp-685184,0.0
mp-685220,0.0
mp-689577,0.0
mp-689684,1.1173
mp-690760,0.0
mp-690772,0.0
mp-694910,0.2105
mp-695743,0.0
mp-695850,3.5155000000000003
mp-696588,0.0
mp-696597,5.709300000000001
mp-696673,0.0
mp-697179,0.0
mp-697196,0.0
mp-699208,1.025
mp-705284,0.0
mp-705472,1.0036
mp-705551,1.188899999999999
mp-705558,1.138699999999999
mp-705563,0.0
mp-705564,0.0
mp-705588,1.2314
mp-706531,0.3435
mp-706630,3.606099999999999
mp-706875,1.3538
mp-714851,2.8663
mp-714859,0.0
mp-714883,0.9817
mp-714921,0.0
mp-714929,0.3686
mp-714932,0.7785000000000001
mp-714944,1.067699999999999
mp-714972,0.0
mp-715262,0.0
mp-715479,0.7517
mp-715517,1.0155
mp-715553,0.0
mp-715598,0.5731
mp-715614,0.0
mp-715811,0.032
mp-716723,0.5838999999999991
mp-720166,1.3794
mp-721759,0.0
mp-722960,1.4513999999999991
mp-723285,0.0
mp-723352,1.9206999999999992
mp-723638,1.876599999999999
mp-723897,2.1942
mp-723973,0.0
mp-723985,0.049199999999999
mp-725294,0.0
mp-726118,0.0
mp-726184,1.719399999999999
mp-726332,0.0
mp-727311,0.0
mp-727323,1.654
mp-729184,0.5081
mp-730101,9.7197
mp-731594,1.6358
mp-731827,8.3343
mp-731864,0.008799999999999
mp-733506,1.653
mp-733790,5.5868
mp-734188,1.2826
mp-738409,8.1865
mp-743752,0.0
mp-752826,4.1714
mp-753295,0.0
mp-753304,0.5361
mp-753593,0.0
mp-753682,0.0
mp-753921,0.0
mp-754382,16.586399999999998
mp-754417,0.0
mp-754514,0.0
mp-754698,0.0
mp-754800,0.0
mp-754806,0.0
mp-754812,4.205500000000001
mp-754815,3.976499999999999
mp-755073,0.0
mp-755333,0.3655
mp-755411,0.255099999999999
mp-755769,4.1946
mp-756395,0.0
mp-756436,0.9475
mp-757186,1.0699
mp-757852,0.0
mp-758104,0.0
mp-758601,1.3373
mp-758800,2.578
mp-758933,2.3536
mp-759525,0.0
mp-759754,0.0
mp-759790,0.0
mp-759920,0.0
mp-759943,4.3139
mp-760075,0.0
mp-760482,3.0949
mp-760747,0.0
mp-765663,0.0
mp-766354,0.4405
mp-766454,2.231
mp-767208,0.0
mp-770023,0.0
mp-773019,0.5418000000000001
mp-775907,3.7011
mp-775909,3.4318
mp-775935,3.825
mp-776104,1.169
mp-776135,0.67
mp-776456,0.0
mp-776532,3.902499999999999
mp-776583,0.9397
mp-776603,0.0346
mp-776606,0.0
mp-776630,0.945299999999999
mp-777129,3.3487
mp-777514,2.8013999999999992
mp-777580,1.1948
mp-777698,0.0
mp-780521,0.3451
mp-782035,4.978199999999999
mp-796336,0.985
mp-818205,0.0
mp-826024,0.0785
mp-826025,0.0
mp-826026,1.3702
mp-831269,2.3291
mp-849071,0.0
mp-849078,0.0
mp-849080,0.0
mp-849092,0.0
mp-849581,0.0
mp-850009,0.0
mp-850032,0.0
mp-850099,0.0
mp-850222,0.0
mp-850274,8.5338
mp-850874,0.037799999999999
mp-851576,0.0
mp-861601,0.0
mp-861653,0.0
mp-861727,0.0
mp-861871,0.9079
mp-861891,0.8221
mp-861952,0.0
mp-861968,0.0
mp-861975,0.0
mp-862329,0.0
mp-862373,0.0
mp-862565,0.0
mp-862601,0.0
mp-862658,0.0
mp-862690,0.0
mp-862714,0.0
mp-862716,0.0
mp-862773,0.7359
mp-862798,0.0
mp-862845,0.0
mp-862848,0.0
mp-862855,0.0
mp-862868,2.574599999999999
mp-862871,3.1026
mp-862901,4.774199999999999
mp-863016,1.4293999999999991
mp-863316,0.305099999999999
mp-863657,0.0
mp-863709,0.0
mp-863764,0.6717000000000001
mp-863766,0.507899999999999
mp-864616,0.0
mp-864641,0.0
mp-864647,0.0
mp-864742,0.0
mp-864757,0.0
mp-864758,0.0
mp-864900,0.506099999999999
mp-864918,0.0
mp-864986,0.0
mp-865168,0.0
mp-865194,5.3798
mp-865239,0.0
mp-865305,0.0
mp-865342,0.0
mp-865355,0.0
mp-865357,0.0
mp-865362,0.0
mp-865425,0.0
mp-865511,0.120799999999999
mp-865534,0.0
mp-865558,0.0
mp-865562,0.0
mp-865610,0.022199999999999
mp-865716,5.3995
mp-865856,0.0
mp-865900,0.0
mp-865934,6.7331
mp-865939,0.0
mp-865985,0.0
mp-867126,0.0
mp-867134,0.0
mp-867166,0.0
mp-867200,0.0
mp-867202,0.0
mp-867259,0.0
mp-867305,0.0
mp-867347,0.0
mp-867351,0.0
mp-867358,0.0
mp-867500,0.0
mp-867780,0.0
mp-867971,0.0
mp-870306,0.0
mp-936187,0.0
mp-936248,0.0
mp-936295,0.0
mp-936302,0.0
mp-937760,0.0
mp-949028,0.4806
mp-949029,0.0
mp-971631,0.0
mp-971661,1.372199999999999
mp-971662,1.4428
mp-971673,1.066599999999999
mp-971718,0.0
mp-971767,0.0
mp-971769,0.0
mp-971775,0.0
mp-971779,0.0
mp-971804,0.0
mp-971831,0.0
mp-971832,0.0
mp-971833,0.0
mp-971835,0.0
mp-971859,0.0
mp-971906,0.0
mp-971928,0.0
mp-971934,0.0
mp-971941,0.0
mp-971948,0.0
mp-971950,0.0
mp-971960,0.0
mp-971966,0.0
mp-972069,0.0
mp-972077,0.0
mp-972084,0.0
mp-972088,0.0
mp-972170,0.0
mp-972202,0.0
mp-972256,6.1673
mp-972285,0.0
mp-972300,0.0
mp-972324,0.0
mp-972326,0.0
mp-972351,0.0
mp-972353,0.0
mp-972364,0.0
mp-972373,0.0
mp-972405,0.0
mp-972411,0.0
mp-972461,0.0
mp-972471,0.0
mp-972472,0.0
mp-972479,0.0
mp-972486,0.0
mp-972517,0.0
mp-972529,0.0
mp-972607,0.0
mp-972658,0.0
mp-972722,0.0
mp-972825,6.98
mp-972828,0.0
mp-972848,0.0
mp-972874,0.0
mp-972908,0.0
mp-972912,0.0
mp-972981,0.0
mp-973022,0.0
mp-973064,0.2531
mp-973071,0.0
mp-973092,0.0
mp-973111,0.0
mp-973174,0.0
mp-973175,0.0
mp-973181,0.0
mp-973198,0.0
mp-973250,0.0
mp-973271,0.0
mp-973308,0.0
mp-973339,0.0
mp-973354,0.0
mp-973364,0.0
mp-973455,0.0
mp-973461,0.0
mp-973464,0.0
mp-973498,0.0
mp-973508,0.0
mp-973554,0.0
mp-973571,0.0
mp-973601,0.0
mp-973627,0.0
mp-973736,0.0
mp-973741,0.0
mp-973748,0.0
mp-973750,0.0
mp-973767,0.0
mp-973783,8.802200000000001
mp-973792,0.0
mp-973953,0.0
mp-973986,0.0
mp-974002,0.0
mp-974400,7.1667
mp-974558,0.0
mp-974603,0.396299999999999
mp-974620,0.0
mp-974788,0.0
mp-974920,0.0
mp-975065,0.0
mp-975129,0.0
mp-975204,0.0
mp-975272,0.104199999999999
mp-975519,0.0
mp-975590,7.174799999999999
mp-975652,0.0
mp-976262,0.0
mp-976273,0.0
mp-976347,7.1523
mp-976411,0.0
mp-976802,1.445599999999999
mp-976843,0.0
mp-978260,0.0
mp-978846,1.1995999999999991
mp-978985,1.656
mp-978992,0.0
mp-979261,0.0
mp-979285,6.236800000000001
mp-979286,6.1713000000000005
mp-980663,0.0
mp-980938,0.0
mp-980949,0.264999999999999
mp-981252,0.0
mp-981544,0.0
mp-982370,0.0
mp-982635,0.0
mp-982734,0.0
mp-982872,0.0
mp-983357,7.903799999999999
mp-985281,0.0
mp-985825,0.0
mp-987595,0.0
mp-988210,0.0
mp-988253,0.0
mp-988939,0.0
mp-989695,0.0
mp-989737,0.0
mp-989782,0.0
mp-990424,0.012399999999999
mp-990448,9.9999999999989e-05
mp-994911,3.3265
mp-995184,0.0
mp-995196,0.0
mp-995197,3.5572
mp-995200,0.0
mp-995393,2.1989
mp-997182,9.9999999999989e-05
mp-997569,2.3944
mp-998860,0.0
mp-998861,0.0
mp-998864,0.0
mp-998866,0.0
mp-998881,0.0
mp-998883,0.0
mp-998890,0.0
mp-998914,0.8801
mp-998945,0.0
mp-998972,0.0
mp-999086,0.0
mp-999133,0.0
mp-999142,0.0
mp-999200,0.439799999999999
mp-999264,0.0
mp-999293,0.0
mp-999295,1.1276
mp-999307,0.0
mp-999498,3.959399999999999
mp-999501,0.0
mp-999542,0.0
mp-1001023,1.669699999999999
mp-1001113,0.0
mp-1001605,0.0
mp-1001608,0.0519
mp-1001825,0.0
mp-1001836,0.0
mp-1002063,1.8354
mp-1007660,0.0
mp-1007664,0.0
mp-1007755,0.0
mp-1007758,0.0
mp-1007760,0.0
mp-1007786,0.0
mp-1007855,0.0
mp-1007857,0.0
mp-1007862,0.0
mp-1007923,0.0
mp-1007976,0.0
mp-1008283,0.0
mp-1008284,0.0
mp-1008374,0.0
mp-1008394,2.2818
mp-1008395,2.243399999999999
mp-1008498,0.0
mp-1008501,0.0
mp-1008601,0.0013
mp-1008617,0.0
mp-1008634,0.0
mp-1008669,0.0
mp-1008681,0.0
mp-1008682,0.0
mp-1008728,0.0
mp-1008733,0.0
mp-1008802,0.0
mp-1008806,0.0
mp-1008860,0.0
mp-1009071,0.0
mp-1009134,0.0
mp-1009223,0.0
mp-1009230,0.0
mp-1009238,0.0
mp-1009460,0.0
mp-1009490,1.426
mp-1009583,0.0
mp-1009594,0.0
mp-1009657,0.0
mp-1009757,0.0
mp-1009814,0.0
mp-1009818,0.1347
mp-1009827,0.0
mp-1009834,0.0
mp-1010048,0.0
mp-1010136,0.0
mp-1011375,0.0
mp-1012110,0.0
mp-1014013,0.8832000000000001
mp-1014111,0.0
mp-1014212,0.0
mp-1014229,0.0
mp-1014231,0.0
mp-1014265,0.0
mp-1014287,0.0
mp-1014303,0.0
mp-1014332,0.0
mp-1014366,0.0
mp-1016048,0.147799999999999
mp-1016063,0.1289
mp-1016069,0.2328
mp-1017511,0.0
mp-1017540,0.0
mp-1017541,0.0
mp-1017551,0.100299999999999
mp-1017981,0.0
mp-1017985,0.0
mp-1018045,0.0
mp-1018049,1.7188999999999992
mp-1018075,0.0
mp-1018088,0.0
mp-1018102,0.0
mp-1018103,0.0
mp-1018104,0.0
mp-1018105,0.0
mp-1018113,0.0
mp-1018121,0.0
mp-1018122,0.0
mp-1018123,0.0
mp-1018124,0.0
mp-1018128,0.0
mp-1018130,0.0
mp-1018131,0.0
mp-1018134,0.0
mp-1018140,0.0
mp-1018148,0.0
mp-1018149,0.0
mp-1018152,0.0
mp-1018153,0.0
mp-1018154,0.0
mp-1018156,0.0
mp-1018166,0.0
mp-1018177,0.0
mp-1018178,0.0
mp-1018179,0.0
mp-1018663,0.0
mp-1018664,2.1485
mp-1018665,0.0
mp-1018675,0.0
mp-1018679,0.0
mp-1018683,0.0
mp-1018687,0.0
mp-1018692,0.0
mp-1018700,0.0
mp-1018706,0.0
mp-1018707,0.0
mp-1018715,0.0
mp-1018717,0.0
mp-1018721,4.6678000000000015
mp-1018727,0.0
mp-1018728,0.0
mp-1018732,0.0
mp-1018751,0.0
mp-1018792,0.0
mp-1018793,0.0
mp-1018810,0.0
mp-1018817,0.0
mp-1018829,0.0
mp-1018852,0.0
mp-1018880,0.0
mp-1018886,0.0
mp-1018888,1.0968
mp-1018890,0.0
mp-1018940,0.0
mp-1018954,0.0
mp-1019055,0.0
mp-1019077,0.0
mp-1019078,0.0
mp-1019082,0.0
mp-1019086,4.660499999999999
mp-1019091,0.0
mp-1019093,0.0
mp-1019097,0.0
mp-1019107,0.0
mp-1019238,0.0
mp-1019253,0.0
mp-1019266,0.0
mp-1019324,0.0
mp-1022722,0.0
mp-1022724,0.0
mp-1022725,0.0
mp-1022728,0.0
mp-1023130,0.0
mp-1023923,2.3448
mp-1025067,0.0
mp-1025077,0.0
mp-1025159,0.0
mp-1025442,1.3846999999999992
mp-1025459,0.0
mp-1025522,0.6758999999999991
mp-1038767,0.0
mp-1038790,0.0
mp-1038816,0.0
mp-1038896,0.0
mp-1038906,0.0
mp-1038916,0.0
mp-1038936,0.0
mp-1038955,0.0
mp-1039008,0.0
mp-1039029,0.0
mp-1039091,0.0
mp-1039108,0.0
mp-1039124,0.0
mp-1039141,0.0
mp-1039192,0.0
mp-1039204,0.0
mp-1039208,0.0
mp-1039229,0.0
mp-1039263,0.0
mp-1039293,0.0
mp-1039304,0.0
mp-1039319,0.0
mp-1039344,0.0
mp-1039347,0.0
mp-1039350,0.0
mp-1039397,0.0
mp-1039409,0.0
mp-1039467,0.0
mp-1039508,0.0
mp-1039570,0.0
mp-1040425,0.0001
mp-1040910,0.9781
mp-1041270,0.0
mp-1041395,0.774099999999999
mp-1042075,0.0
mp-1042086,0.0418
mp-1042098,1.638199999999999
mp-1042100,0.0
mp-1042106,0.0
mp-1042111,0.0
mp-1042115,0.0
mp-1042127,0.0
mp-1042656,1.8294
mp-1044869,1.8679
mp-1045643,0.0
mp-1045694,0.0
mp-1045826,0.7342000000000001
mp-1045833,0.0
mp-1045896,0.0
mp-1045898,0.0
mp-1048410,0.0
mp-1055423,0.0
mp-1055905,0.0
mp-1055908,0.0
mp-1055932,0.0
mp-1055940,0.0
mp-1055956,0.0
mp-1055985,0.0
mp-1055994,0.0
mp-1056004,0.0
mp-1056027,0.0
mp-1056059,0.0
mp-1056079,0.0
mp-1056308,0.0
mp-1056351,0.0
mp-1056366,0.0
mp-1056376,0.0
mp-1056418,0.371899999999999
mp-1056579,0.0
mp-1056699,0.0
mp-1056702,0.0
mp-1056831,0.0
mp-1056957,0.0
mp-1056985,0.0
mp-1057139,0.0
mp-1057216,0.0
mp-1057273,0.0
mp-1057315,0.0
mp-1057320,0.0
mp-1057818,0.0
mp-1058490,0.0
mp-1058581,0.0
mp-1058623,0.0
mp-1058887,0.0
mp-1059256,0.0
mp-1059259,0.0
mp-1059289,0.0
mp-1059528,0.0
mp-1059552,0.0
mp-1060281,3.5086
mp-1060567,0.0
mp-1061054,0.0
mp-1061298,0.0
mp-1061691,0.0
mp-1061769,0.0
mp-1061823,2.4591
mp-1061979,0.0
mp-1062030,0.051099999999999
mp-1062055,0.0
mp-1062078,0.0
mp-1062114,0.0
mp-1062169,0.0
mp-1062510,0.0
mp-1062597,0.0
mp-1062648,0.0
mp-1062652,0.0
mp-1062893,0.0
mp-1062974,0.0
mp-1062984,0.0
mp-1062988,0.0
mp-1062989,0.0
mp-1063005,0.0
mp-1063016,0.0
mp-1063020,0.0
mp-1063133,0.0
mp-1063174,0.0
mp-1063224,0.0
mp-1063239,0.0
mp-1063255,0.0
mp-1063311,0.0
mp-1063517,0.0
mp-1063522,0.0
mp-1063755,0.0
mp-1063764,0.0
mp-1063817,0.0
mp-1063988,0.0
mp-1064119,0.0
mp-1064227,0.0
mp-1064244,0.0
mp-1064272,0.8688
mp-1064307,0.0
mp-1064484,0.0
mp-1064492,1.7422
mp-1064715,0.0
mp-1064814,0.0
mp-1064840,0.0
mp-1064933,0.0
mp-1065250,0.0097
mp-1065265,0.745599999999999
mp-1065309,0.0
mp-1065340,0.0
mp-1065583,0.0
mp-1065697,0.0
mp-1065811,0.0
mp-1065844,0.0
mp-1065846,0.0
mp-1066029,0.0
mp-1066100,0.0
mp-1066523,0.0
mp-1066655,0.0
mp-1066989,6.2332
mp-1067210,0.0
mp-1067235,0.0
mp-1067285,0.0
mp-1067475,0.0
mp-1067587,0.0
mp-1067619,0.0
mp-1067758,0.0
mp-1067793,0.0
mp-1067880,0.0
mp-1068966,0.0
mp-1069751,0.0
mp-1070103,0.0
mp-1070580,0.0
mp-1070844,0.0
mp-1071032,0.9558
mp-1071152,0.0
mp-1071453,0.0
mp-1071541,4.3169
mp-1071565,0.648
mp-1071777,0.0
mp-1071848,0.0
mp-1071948,0.0
mp-1072023,0.0
mp-1072089,0.0
mp-1072244,0.0
mp-1072274,0.0
mp-1072474,0.0
mp-1072543,0.0
mp-1072544,0.1444
mp-1072645,0.0
mp-1072660,0.003699999999999
mp-1072729,0.0
mp-1072744,0.0
mp-1072984,0.0
mp-1072988,0.0
mp-1072989,0.0
mp-1072996,0.0
mp-1073012,0.0
mp-1073013,0.0
mp-1073015,0.0
mp-1073021,0.0
mp-1073037,0.0
mp-1073041,0.0
mp-1073061,0.0
mp-1073070,0.0
mp-1073075,0.0
mp-1073083,0.0
mp-1073089,0.0
mp-1073114,0.0
mp-1073115,0.0
mp-1073121,0.0
mp-1073122,0.0
mp-1073130,0.0
mp-1073134,0.0
mp-1073136,0.0
mp-1073146,0.0
mp-1073164,0.0
mp-1073166,0.0
mp-1073210,0.0
mp-1073224,0.0
mp-1073227,0.0
mp-1073232,0.0
mp-1073254,0.0
mp-1073268,0.0
mp-1073294,0.0
mp-1073304,0.0
mp-1073315,0.0
mp-1073316,0.0
mp-1073330,0.0
mp-1073358,0.0
mp-1073359,0.0
mp-1073361,0.0
mp-1073363,0.0
mp-1073366,0.0
mp-1073371,0.0
mp-1073395,0.0
mp-1073396,0.0
mp-1073398,0.0
mp-1073405,0.0
mp-1073409,0.0
mp-1073413,0.0
mp-1073419,0.0
mp-1073451,0.0
mp-1073459,0.0
mp-1073465,0.0
mp-1073470,0.0
mp-1073478,0.0
mp-1073483,0.0
mp-1073484,0.0
mp-1073493,0.0
mp-1073495,0.0
mp-1073519,0.0
mp-1073528,0.0
mp-1073530,0.0
mp-1073532,0.0
mp-1073545,0.0
mp-1073557,0.0
mp-1073562,0.0
mp-1073575,0.0
mp-1073578,0.0
mp-1073586,0.0
mp-1073590,0.0
mp-1073592,0.0
mp-1073593,0.0
mp-1073594,0.0
mp-1073599,0.0
mp-1073613,0.0
mp-1073623,0.0
mp-1073635,0.0
mp-1073655,0.0
mp-1073656,0.0
mp-1073663,0.0
mp-1073665,0.0
mp-1073669,0.0
mp-1073686,0.0
mp-1073695,0.0
mp-1073702,0.0
mp-1073705,0.0
mp-1073720,0.0
mp-1073721,0.0
mp-1073728,0.0
mp-1073730,0.0
mp-1073733,0.0
mp-1073734,0.0
mp-1073739,0.0
mp-1073745,0.0
mp-1073750,0.0
mp-1073777,0.0
mp-1073785,0.0
mp-1073789,0.0
mp-1073794,0.0
mp-1073809,0.0
mp-1073810,0.0
mp-1073816,0.0
mp-1073819,0.0
mp-1073822,0.0
mp-1073850,0.0
mp-1073857,0.0
mp-1073859,0.0
mp-1073861,0.0
mp-1073877,0.0
mp-1073900,0.0
mp-1073903,0.0
mp-1073904,0.0
mp-1073910,0.0
mp-1073915,0.0
mp-1073916,0.0
mp-1073917,0.0
mp-1073919,0.0
mp-1073927,0.0
mp-1073929,0.0
mp-1073933,0.0
mp-1073934,0.0
mp-1073935,0.0
mp-1073940,0.0
mp-1073950,0.0
mp-1073958,0.0
mp-1073962,0.0
mp-1073996,0.0
mp-1073998,0.0
mp-1074003,0.0
mp-1074007,0.0
mp-1074008,0.0
mp-1074009,0.0
mp-1074011,0.0
mp-1074023,0.0
mp-1074026,0.0
mp-1074028,0.0
mp-1074041,0.0
mp-1074044,0.0
mp-1074046,0.0
mp-1074050,0.0
mp-1074057,0.0
mp-1074061,0.0
mp-1074062,0.0
mp-1074063,0.0
mp-1074064,0.0
mp-1074066,0.0
mp-1074069,0.0
mp-1074088,0.0
mp-1074093,0.0
mp-1074094,0.0
mp-1074095,0.0
mp-1074122,0.0
mp-1074131,0.0
mp-1074135,0.0
mp-1074143,0.0
mp-1074145,0.0
mp-1074146,0.0
mp-1074147,0.0
mp-1074149,0.0
mp-1074178,0.0
mp-1074181,0.0
mp-1074189,0.0
mp-1074194,0.0
mp-1074199,0.0
mp-1074207,0.0
mp-1074209,0.0
mp-1074213,0.0
mp-1074218,0.0
mp-1074259,0.0
mp-1074263,0.0
mp-1074264,0.0
mp-1074265,0.0
mp-1074272,0.0
mp-1074276,0.0
mp-1074278,0.0
mp-1074279,0.0
mp-1074283,0.0
mp-1074288,0.0
mp-1074291,0.0
mp-1074292,0.0
mp-1074320,0.0
mp-1074327,0.0
mp-1074338,0.0
mp-1074344,0.0
mp-1074345,0.0
mp-1074346,0.0
mp-1074347,0.0
mp-1074349,0.0
mp-1074350,0.0
mp-1074356,0.0
mp-1074380,0.0
mp-1074382,0.0
mp-1074386,0.0
mp-1074388,0.0
mp-1074396,0.0
mp-1074404,0.0
mp-1074408,0.0
mp-1074413,0.0
mp-1074417,0.0
mp-1074429,0.0
mp-1074433,0.0
mp-1074455,0.0
mp-1074458,0.0
mp-1074465,0.0
mp-1074466,0.0
mp-1074468,0.0
mp-1074472,0.0
mp-1074489,0.0
mp-1074500,0.0
mp-1074517,0.0
mp-1074518,0.0
mp-1074519,0.0
mp-1074526,0.0
mp-1074528,0.0
mp-1074542,0.0
mp-1074545,0.0
mp-1074546,0.0
mp-1074553,0.0
mp-1074562,0.0
mp-1074587,0.0
mp-1074588,0.0
mp-1074597,0.0
mp-1074611,0.0
mp-1074613,0.0
mp-1074619,0.0
mp-1074636,0.0
mp-1074637,0.0
mp-1074639,0.0
mp-1074644,0.0
mp-1074652,0.0
mp-1074665,0.0
mp-1074668,0.0
mp-1074673,0.0
mp-1074676,0.0
mp-1074681,0.0
mp-1074685,0.0
mp-1074700,0.0
mp-1074703,0.0
mp-1074733,0.0
mp-1074770,0.0
mp-1074772,0.0
mp-1074788,0.0
mp-1074792,0.0
mp-1074798,0.0
mp-1074799,0.0
mp-1074803,0.0
mp-1074815,0.0
mp-1074820,0.0
mp-1074830,0.0
mp-1074832,0.0
mp-1074833,0.0
mp-1074835,0.0
mp-1074841,0.0
mp-1074843,0.0
mp-1074844,0.0
mp-1074846,0.0
mp-1074849,0.0
mp-1074855,0.0
mp-1074856,0.0
mp-1074858,0.0
mp-1074863,0.0
mp-1074887,0.0
mp-1074916,0.0
mp-1074917,0.0
mp-1074923,0.0
mp-1074925,0.0
mp-1074927,0.0
mp-1074930,0.0
mp-1074932,0.0
mp-1074934,0.0
mp-1074938,0.0
mp-1074957,0.0
mp-1074960,0.0
mp-1075001,0.0
mp-1075009,0.0
mp-1075011,0.0
mp-1075012,0.0
mp-1075013,0.0
mp-1075015,0.0
mp-1075016,0.0
mp-1075018,0.0
mp-1075020,0.0
mp-1075025,0.0
mp-1075030,0.0
mp-1075031,0.0
mp-1075035,0.0
mp-1075036,0.0
mp-1075040,0.0
mp-1075045,0.0
mp-1075047,0.0
mp-1075048,0.0
mp-1075098,0.0
mp-1075100,0.0
mp-1075104,0.0
mp-1075111,0.0
mp-1075113,0.0
mp-1075115,0.0
mp-1075132,0.0
mp-1075137,0.0
mp-1075139,0.0
mp-1075157,0.0
mp-1075163,0.0
mp-1075168,0.0
mp-1075184,0.0
mp-1075191,0.0
mp-1075196,0.0
mp-1075198,0.0
mp-1075203,0.0
mp-1075211,0.0
mp-1075217,0.0
mp-1075232,0.0
mp-1075240,0.0
mp-1075253,0.0
mp-1075263,0.0
mp-1075267,0.0
mp-1075269,0.0
mp-1075273,0.0
mp-1075302,0.0
mp-1075310,0.0
mp-1075311,0.0
mp-1075335,0.0
mp-1075337,0.0
mp-1075341,0.0
mp-1075355,0.0
mp-1075360,0.0
mp-1075363,0.0
mp-1075368,0.0
mp-1075371,0.0
mp-1075385,0.0
mp-1075387,0.0
mp-1075392,0.0
mp-1075403,0.0
mp-1075418,0.0
mp-1075421,0.0
mp-1075422,0.0
mp-1075430,0.0
mp-1075456,0.0
mp-1075464,0.0
mp-1075466,0.0
mp-1075475,0.0
mp-1075481,0.0
mp-1075482,0.0
mp-1075483,0.0
mp-1075486,0.0
mp-1075495,0.0
mp-1075499,0.0
mp-1075500,0.0
mp-1075505,0.0
mp-1075510,0.0
mp-1075532,0.0
mp-1075566,0.0
mp-1075569,0.0
mp-1075570,0.0
mp-1075573,0.0
mp-1075576,0.0
mp-1075578,0.0
mp-1075589,0.0
mp-1075592,0.0
mp-1075600,0.0
mp-1075608,0.0
mp-1075609,0.0
mp-1075610,0.0
mp-1075612,0.0
mp-1075616,0.0
mp-1075617,0.0
mp-1075620,0.0
mp-1075622,0.0
mp-1075627,0.0
mp-1075635,0.0
mp-1075638,0.0
mp-1075640,0.0
mp-1075644,0.0
mp-1075645,0.0
mp-1075649,0.0
mp-1075651,0.0
mp-1075655,0.0
mp-1075658,0.0
mp-1075660,0.0
mp-1075664,0.0
mp-1075666,0.0
mp-1075674,0.0
mp-1075684,0.0
mp-1075693,0.0
mp-1075715,0.0
mp-1075717,0.0
mp-1075719,0.0
mp-1075720,0.0
mp-1075723,0.0
mp-1075724,0.0
mp-1075725,0.0
mp-1075731,0.0
mp-1075734,0.0
mp-1075741,0.0
mp-1075742,0.0
mp-1075744,0.0
mp-1075761,0.0
mp-1075766,0.0
mp-1075771,0.0
mp-1075779,0.0
mp-1076920,0.0
mp-1076923,0.0
mp-1076964,0.0
mp-1076966,0.0
mp-1077018,0.0
mp-1077033,0.0
mp-1077063,0.0
mp-1077098,1.0394
mp-1077116,0.0
mp-1077125,0.0
mp-1077179,0.0
mp-1077235,0.0
mp-1077263,0.0
mp-1077305,0.0
mp-1077316,7.654599999999999
mp-1077335,0.0
mp-1077353,0.0
mp-1077354,0.0
mp-1077365,0.0
mp-1077367,0.0
mp-1077369,0.036999999999999
mp-1077372,0.0
mp-1077457,0.0
mp-1077482,0.0
mp-1077536,0.0
mp-1077716,0.0
mp-1077718,0.0
mp-1077723,0.0
mp-1077777,0.0
mp-1077791,0.0
mp-1077889,0.0
mp-1077948,0.0
mp-1077978,0.0
mp-1078012,0.0
mp-1078123,0.0
mp-1078181,3.8434
mp-1078239,0.196299999999999
mp-1078331,0.0
mp-1078443,0.6002999999999991
mp-1078576,0.0
mp-1078579,0.0
mp-1078595,0.031199999999999
mp-1078602,0.0
mp-1078637,0.0
mp-1078638,0.0
mp-1078640,0.0
mp-1078666,0.0
mp-1078686,0.0
mp-1078696,0.7479999999999991
mp-1078708,0.0
mp-1078721,0.0
mp-1078755,0.0
mp-1078796,0.0
mp-1078815,0.0
mp-1078829,0.1814
mp-1078845,3.3272999999999993
mp-1078858,0.0
mp-1078935,0.0
mp-1078957,0.0
mp-1078996,0.0
mp-1079007,0.0
mp-1079020,0.0
mp-1079053,0.0
mp-1079094,0.0
mp-1079127,0.0
mp-1079143,0.0
mp-1079146,0.0
mp-1079159,0.0
mp-1079182,0.0
mp-1079269,0.0
mp-1079286,0.0
mp-1079297,0.2735
mp-1079377,0.0
mp-1079480,0.0
mp-1079523,0.0161
mp-1079534,0.0
mp-1079649,0.0
mp-1079673,1.2728
mp-1079776,0.0
mp-1079786,2.2293
mp-1079812,0.0
mp-1079895,0.0
mp-1079919,0.0
mp-1079923,0.0
mp-1079937,0.0
mp-1079938,0.0
mp-1079939,0.0
mp-1079952,0.0
mp-1079997,0.0
mp-1080001,0.0
mp-1080043,0.0
mp-1080070,0.0
mp-1080106,0.0
mp-1080122,0.0
mp-1080146,0.0
mp-1080191,0.0
mp-1080193,0.0
mp-1080203,0.0
mp-1080250,0.696199999999999
mp-1080255,0.976599999999999
mp-1080256,0.977
mp-1080260,0.4827
mp-1080267,0.9767
mp-1080268,0.169599999999999
mp-1080299,0.3951
mp-1080308,0.9095
mp-1080310,0.0
mp-1080317,0.7756000000000001
mp-1080321,0.6561
mp-1080324,0.489499999999999
mp-1080332,0.966299999999999
mp-1080334,0.4412
mp-1080341,0.7131999999999991
mp-1080347,0.5235000000000001
mp-1080350,0.4606
mp-1080363,1.0444
mp-1080365,1.0405
mp-1080367,0.972
mp-1080371,0.991
mp-1080372,0.178599999999999
mp-1080428,0.8728
mp-1080493,0.0
mp-1080523,0.0
mp-1080628,0.994499999999999
mp-1080637,0.9464999999999992
mp-1080657,0.0
mp-1080694,0.0
mp-1080711,0.0
mp-1080821,0.7896000000000001
mp-1080826,3.4876
mp-1080834,0.0
mp-1080854,1.0131
mp-1080855,0.998499999999999
mp-1080856,0.9867
mp-1087230,0.0
mp-1087486,1.223799999999999
mp-1087546,0.0
mp-1087550,1.0122
mp-1091391,0.0
mp-1091415,0.0
mp-1092293,0.0
mp-1093993,0.7376
mp-1094057,0.0
mp-1094061,0.0
mp-1094064,0.0
mp-1094073,0.0
mp-1094075,1.305899999999999
mp-1094089,0.0
mp-1094110,0.0
mp-1094120,0.0
mp-1094122,0.0
mp-1094132,0.0
mp-1094135,0.0
mp-1094136,0.0
mp-1094152,0.923999999999999
mp-1094159,0.0
mp-1094168,0.0
mp-1094171,0.0
mp-1094174,0.0
mp-1094176,0.0
mp-1094177,0.0
mp-1094185,0.0
mp-1094190,0.0
mp-1094206,0.0
mp-1094211,0.0
mp-1094220,0.047099999999999
mp-1094221,0.0
mp-1094222,0.0
mp-1094239,0.0
mp-1094248,0.0
mp-1094249,0.0
mp-1094252,0.0
mp-1094255,0.0
mp-1094266,0.0
mp-1094274,0.0
mp-1094276,0.0
mp-1094289,0.0
mp-1094290,0.0
mp-1094293,0.0
mp-1094300,0.0
mp-1094301,0.0
mp-1094312,0.0
mp-1094317,0.0
mp-1094320,0.0
mp-1094346,0.0
mp-1094350,0.0
mp-1094351,0.0
mp-1094352,0.0
mp-1094359,0.0
mp-1094369,0.0
mp-1094376,0.0
mp-1094386,0.0
mp-1094408,0.0
mp-1094419,0.0
mp-1094432,0.0
mp-1094433,0.0
mp-1094452,0.0
mp-1094454,0.0
mp-1094456,0.0
mp-1094458,0.0
mp-1094472,0.0
mp-1094476,0.0
mp-1094489,0.0
mp-1094491,0.0
mp-1094496,0.0
mp-1094501,0.0
mp-1094503,0.0
mp-1094504,0.0
mp-1094505,0.0
mp-1094511,0.0
mp-1094514,0.0
mp-1094527,0.0
mp-1094531,0.0
mp-1094543,0.0
mp-1094547,0.0
mp-1094551,0.0
mp-1094553,0.0
mp-1094561,0.0
mp-1094565,0.0
mp-1094567,0.0
mp-1094568,0.0
mp-1094583,0.0
mp-1094584,0.0
mp-1094600,0.0
mp-1094601,0.0
mp-1094619,0.0
mp-1094621,0.0
mp-1094624,0.0
mp-1094628,0.0
mp-1094635,0.0
mp-1094640,0.0
mp-1094646,0.0
mp-1094668,0.0
mp-1094673,0.0
mp-1094674,0.0
mp-1094676,0.0
mp-1094735,0.0
mp-1094771,0.0
mp-1094776,0.0
mp-1094784,0.0
mp-1094801,0.0
mp-1094812,0.0
mp-1094822,0.0
mp-1094837,0.0
mp-1094862,0.0
mp-1094883,0.0
mp-1094901,0.0
mp-1094961,0.0
mp-1094964,0.0
mp-1094974,0.0
mp-1094998,0.0
mp-1095005,0.0
mp-1095014,0.0
mp-1095016,0.0
mp-1095024,0.0
mp-1095086,0.0
mp-1095184,0.0
mp-1095187,0.0
mp-1095269,0.5013000000000001
mp-1095275,0.4889
mp-1095302,0.6721
mp-1095382,0.0
mp-1095508,0.0
mp-1095534,0.371799999999999
mp-1095567,0.0
mp-1095633,2.5933
mp-1095641,0.0
mp-1096769,0.0
mp-1096791,0.9517
mp-1096803,0.0
mp-1096826,0.0
mp-1096835,0.0
mp-1096840,0.0
mp-1096851,0.0
mp-1096861,0.0
mp-1096869,0.0
mp-1096886,0.0637
mp-1096889,0.066
mp-1096892,0.0
mp-1096898,0.0
mp-1096899,0.099199999999999
mp-1096900,0.0
mp-1096901,0.0
mp-1096906,0.0
mp-1096911,0.000499999999999
mp-1096912,0.0
mp-1096915,0.0
mp-1096920,0.698399999999999
mp-1096928,0.0
mp-1096934,0.0
mp-1096950,0.0
mp-1096951,0.095399999999999
mp-1096966,0.0
mp-1096977,0.0
mp-1096987,0.0
mp-1096992,0.0
mp-1097030,0.0
mp-1097032,0.0819
mp-1097059,0.0
mp-1097832,0.0
mp-1097859,0.0
mp-1097873,0.0
mp-1097933,0.0
mp-1098156,0.0
mp-1098705,0.249299999999999
mp-1099574,0.9123
mp-1100166,0.0
mp-1100446,0.0
mp-1100447,0.0
mp-1100448,0.0
mp-1100449,0.0
mp-1100450,0.0
mp-1100451,0.0
mp-1100452,0.0
mp-1100460,0.0
mp-1100461,0.0
mp-1100467,0.0
mp-1100469,0.0
mp-1100471,0.0
mp-1100472,0.0
mp-1100713,0.0
mp-1100764,0.0
mp-1100766,0.0
mp-1100908,0.648
mp-1100929,1.2888
mp-1100973,0.0
mp-1100983,0.0
mp-1101099,0.0
mp-1101121,0.0
mp-1101145,0.0
mp-1101173,0.8721999999999991
mp-1101178,0.4841
mp-1101295,0.1775
mp-1101301,2.1595
mp-1101463,0.0
mp-1101660,2.5972
mp-1101787,0.0
mp-1101854,0.0
mp-1102442,0.7723
mp-1102510,0.0
mp-1102666,0.0
mp-1102681,3.6068
mp-1102847,0.0
mp-1103007,0.1741
mp-1103057,0.0
mp-1103107,0.0
mp-1103120,0.0
mp-1103125,0.0
mp-1103475,2.284099999999999
mp-1103522,0.0
mp-1103625,0.0
mp-1103808,0.0
mp-1103824,0.0
mp-1103837,0.0
mp-1103872,0.0
mp-1103883,0.0
mp-1103897,3.418199999999999
mp-1103916,0.0
mp-1103919,0.0
mp-1103947,0.0
mp-1104008,0.0
mp-1104067,0.0
mp-1104070,0.0
mp-1104073,2.434899999999999
mp-1104104,0.0
mp-1104193,0.0
mp-1104222,0.0
mp-1104251,0.0
mp-1104276,0.0
mp-1104327,0.0
mp-1104341,0.0
mp-1104393,0.0
mp-1104418,0.0
mp-1104441,0.0
mp-1104451,0.0
mp-1104458,0.0
mp-1104493,0.0
mp-1104534,0.0
mp-1104544,0.9344999999999992
mp-1104551,0.0
mp-1104558,0.0
mp-1104603,0.0
mp-1104639,0.0
mp-1104734,0.0
mp-1104792,0.0
mp-1104795,0.0
mp-1104815,0.0
mp-1104838,0.0
mp-1104899,0.0
mp-1105025,0.0
mp-1105049,0.0
mp-1105078,0.0
mp-1105296,0.0
mp-1105338,0.0
mp-1105489,0.0
mp-1105498,0.0
mp-1105500,0.0
mp-1105563,0.0
mp-1105985,0.0
mp-1106087,0.0
mp-1106135,0.0
mp-1120447,0.0
mp-1120743,2.783299999999999
mp-1120746,0.0
mp-1120747,0.0
mp-1120769,0.0
mp-1120774,0.0
mp-1120780,1.9497
mp-1120786,0.0
mp-1120811,0.196899999999999
mp-1120813,1.4606
mp-1120821,0.0
mp-1147530,0.0
mp-1147532,0.0
mp-1147607,0.0
mp-1147625,0.0
mp-1147643,0.0
mp-1147667,0.0
mp-1147670,0.0
mp-1147672,0.0
mp-1147700,0.0
mp-1147718,0.9669
mp-1147746,0.0
mp-1147756,0.0
mp-1147758,0.0
mp-1147768,0.0
mp-1172831,0.261
mp-1173004,1.2265
mp-1173028,2.1102
mp-1173210,0.0
mp-1173348,0.942199999999999
mp-1173444,0.0
mp-1173504,0.0
mp-1173507,0.0
mp-1173647,0.0
mp-1176403,0.0
mp-1176438,0.310999999999999
mp-1178232,0.0
mp-1178608,0.0
mp-1178763,0.0
mp-1178766,3.178
mp-1178787,1.2334
mp-1178801,0.0
mp-1178810,0.0
mp-1178822,0.0
mp-1178827,0.0
mp-1178842,0.0
mp-1178850,0.0
mp-1178867,0.474599999999999
mp-1178875,0.0
mp-1178932,0.0
mp-1178952,0.0
mp-1178958,0.0
mp-1179013,0.0
mp-1179197,0.0
mp-1179215,0.0
mp-1179224,0.0
mp-1179236,0.0
mp-1179239,0.0
mp-1179325,0.0
mp-1179358,0.158699999999999
mp-1179363,0.527299999999999
mp-1179414,0.0
mp-1179450,0.0
mp-1179454,5.5301
mp-1179488,0.141899999999999
mp-1179520,0.0
mp-1179538,0.1112
mp-1179586,0.027699999999999
mp-1179595,0.112699999999999
mp-1179605,0.0
mp-1179613,0.0
mp-1179615,0.0
mp-1179617,0.0
mp-1179618,0.0
mp-1179639,0.0
mp-1179641,0.0
mp-1179643,0.0
mp-1179649,0.0
mp-1179651,3.4528
mp-1179656,0.0
mp-1179674,0.0
mp-1179681,0.0
mp-1179682,0.0
mp-1179684,0.329099999999999
mp-1179688,0.0
mp-1179802,0.0
mp-1179832,0.110299999999999
mp-1179917,0.0
mp-1179938,0.0
mp-1179959,0.924199999999999
mp-1179962,0.0
mp-1179990,3.0938
mp-1180008,1.277299999999999
mp-1180019,0.6955
mp-1180036,0.464299999999999
mp-1180050,0.0
mp-1180064,0.0423
mp-1180106,0.353399999999999
mp-1180157,0.0
mp-1180197,0.0
mp-1180210,0.0
mp-1180260,0.0
mp-1180296,0.035999999999999
mp-1180307,0.0
mp-1180489,0.0
mp-1180520,0.4295
mp-1180621,0.0
mp-1180648,0.375999999999999
mp-1180810,0.0
mp-1180861,0.0
mp-1180961,0.0
mp-1180981,0.0
mp-1180991,0.0
mp-1181019,0.0
mp-1181027,0.053399999999999
mp-1181096,0.0
mp-1181235,0.0
mp-1181265,1.517799999999999
mp-1181275,0.0
mp-1181340,1.0689
mp-1181401,0.0
mp-1181437,1.886099999999999
mp-1181546,0.0
mp-1181657,1.0663
mp-1181673,0.0
mp-1181766,0.0
mp-1181781,0.9901999999999992
mp-1181909,0.0
mp-1181940,3.1363
mp-1181961,0.0
mp-1181996,0.0
mp-1182029,0.0
mp-1182030,0.0
mp-1182070,0.0
mp-1182123,0.0
mp-1182183,0.0
mp-1182248,1.5046
mp-1182249,0.739899999999999
mp-1182332,0.0
mp-1182382,0.0
mp-1182404,0.167499999999999
mp-1182425,0.0
mp-1182503,0.0
mp-1182511,0.0
mp-1182516,0.0
mp-1182537,0.0576
mp-1182576,0.0
mp-1182583,0.0
mp-1182684,0.260699999999999
mp-1182783,0.4617
mp-1182809,0.0
mp-1182870,0.0
mp-1183047,0.0
mp-1183050,0.0
mp-1183057,0.0
mp-1183069,0.0
mp-1183080,0.0
mp-1183081,0.0
mp-1183082,0.0
mp-1183083,0.0
mp-1183084,0.0
mp-1183087,0.0
mp-1183088,0.0
mp-1183089,0.0
mp-1183090,0.0
mp-1183091,0.0
mp-1183092,0.0
mp-1183094,0.0
mp-1183095,0.0
mp-1183096,0.0
mp-1183097,0.0
mp-1183104,0.0
mp-1183108,0.0
mp-1183144,0.0
mp-1183175,0.0
mp-1183189,0.0
mp-1183195,0.0
mp-1183200,0.0
mp-1183201,0.0
mp-1183202,0.0
mp-1183203,0.0
mp-1183208,0.0
mp-1183214,0.0
mp-1183215,0.0
mp-1183217,0.0
mp-1183224,0.0
mp-1183226,0.0
mp-1183230,0.0
mp-1183234,0.0
mp-1183235,0.0
mp-1183239,0.0
mp-1183241,0.0
mp-1183245,0.0
mp-1183256,0.0
mp-1183262,0.0
mp-1183278,0.0
mp-1183303,0.0
mp-1183307,0.0
mp-1183326,0.0
mp-1183332,0.0
mp-1183333,0.0
mp-1183335,0.0
mp-1183336,0.0
mp-1183337,0.0
mp-1183340,0.0
mp-1183341,0.0
mp-1183342,0.0
mp-1183343,0.0
mp-1183345,0.0
mp-1183352,0.0
mp-1183353,0.0
mp-1183356,0.0
mp-1183360,0.0
mp-1183361,0.0
mp-1183365,0.0
mp-1183378,0.0
mp-1183382,0.0
mp-1183387,0.0
mp-1183407,0.0
mp-1183408,0.0
mp-1183411,0.0
mp-1183412,0.0
mp-1183423,0.0
mp-1183424,0.0
mp-1183427,0.0
mp-1183428,0.0
mp-1183432,0.0
mp-1183435,0.0
mp-1183438,0.0
mp-1183455,0.0
mp-1183473,0.0
mp-1183477,0.0
mp-1183484,0.0
mp-1183495,0.0
mp-1183497,0.0
mp-1183502,0.0
mp-1183504,0.0
mp-1183511,0.0
mp-1183515,0.0
mp-1183542,0.0
mp-1183580,0.0
mp-1183587,0.0
mp-1183590,0.0
mp-1183591,0.0
mp-1183597,0.0
mp-1183620,0.0
mp-1183635,0.0
mp-1183641,0.0
mp-1183643,0.0
mp-1183644,0.0
mp-1183645,0.0
mp-1183646,0.0
mp-1183647,0.0
mp-1183649,0.0
mp-1183650,0.0
mp-1183651,0.0
mp-1183657,0.0
mp-1183658,0.0
mp-1183660,0.0
mp-1183665,0.0
mp-1183694,0.0
mp-1183699,0.0
mp-1183700,0.0
mp-1183710,0.0
mp-1183713,0.0
mp-1183714,0.0
mp-1183718,0.0
mp-1183720,0.0
mp-1183721,0.0
mp-1183723,0.0
mp-1183746,0.0
mp-1183748,0.0
mp-1183752,0.0
mp-1183765,0.0
mp-1183782,0.0
mp-1183787,0.0
mp-1183813,0.0
mp-1183815,0.0
mp-1183824,0.0
mp-1183825,0.0
mp-1183827,0.0
mp-1183838,0.0
mp-1183839,0.0
mp-1183841,0.0
mp-1183850,0.0
mp-1183854,0.0
mp-1183858,0.0
mp-1183868,0.0
mp-1183869,0.0
mp-1183872,0.0
mp-1183875,0.0
mp-1183892,1.210899999999999
mp-1183897,0.0
mp-1183910,0.0
mp-1183912,0.0
mp-1183941,0.0
mp-1183944,0.0
mp-1183946,0.0
mp-1183949,0.0
mp-1183954,0.0
mp-1183958,0.0
mp-1183959,0.0
mp-1183993,0.0
mp-1183998,0.0
mp-1184001,0.0
mp-1184006,0.0
mp-1184010,0.0
mp-1184011,0.0
mp-1184013,0.0
mp-1184014,0.0
mp-1184016,0.0
mp-1184018,0.0
mp-1184019,0.0
mp-1184028,0.0
mp-1184031,0.0
mp-1184034,0.0
mp-1184035,0.0
mp-1184048,0.0
mp-1184054,0.0
mp-1184067,0.0
mp-1184113,0.0
mp-1184115,0.0
mp-1184119,0.0
mp-1184121,0.0
mp-1184132,0.0
mp-1184133,0.0
mp-1184141,0.0
mp-1184142,0.0
mp-1184151,0.1362
mp-1184177,0.0
mp-1184178,0.0
mp-1184179,0.0
mp-1184183,0.0
mp-1184185,0.0
mp-1184186,0.0
mp-1184198,0.0
mp-1184252,0.0
mp-1184257,0.0
mp-1184258,0.0
mp-1184265,0.0
mp-1184266,0.0
mp-1184268,0.0
mp-1184272,0.0
mp-1184273,1.1673
mp-1184287,0.0
mp-1184292,0.0
mp-1184296,0.0
mp-1184311,0.0
mp-1184315,0.0
mp-1184326,0.0
mp-1184327,0.0
mp-1184336,0.0
mp-1184338,0.0
mp-1184357,0.0
mp-1184367,0.0
mp-1184375,0.0
mp-1184395,0.0
mp-1184397,0.0
mp-1184405,0.0
mp-1184412,0.0
mp-1184414,0.0
mp-1184425,0.0
mp-1184438,0.0
mp-1184439,0.0
mp-1184440,0.0
mp-1184452,0.0
mp-1184457,0.0
mp-1184478,0.0
mp-1184493,0.0
mp-1184498,0.0
mp-1184502,0.0
mp-1184511,0.0
mp-1184536,0.0
mp-1184538,0.0
mp-1184554,0.239699999999999
mp-1184569,0.0
mp-1184591,0.0
mp-1184608,0.0
mp-1184626,0.0
mp-1184632,0.0
mp-1184633,0.0
mp-1184646,0.0
mp-1184650,0.0
mp-1184656,0.0
mp-1184657,0.5663
mp-1184658,0.0
mp-1184664,0.0
mp-1184665,0.0
mp-1184671,0.0
mp-1184679,0.0
mp-1184687,0.0
mp-1184693,0.0
mp-1184694,0.0
mp-1184695,0.0
mp-1184704,0.0
mp-1184708,1.4259
mp-1184709,0.2567
mp-1184710,0.0
mp-1184729,0.0
mp-1184741,0.0
mp-1184743,0.0
mp-1184745,0.0
mp-1184755,0.0
mp-1184764,0.0
mp-1184766,0.7609
mp-1184772,0.0
mp-1184781,0.0
mp-1184782,0.0
mp-1184783,0.0
mp-1184784,0.0
mp-1184793,0.0
mp-1184794,0.0
mp-1184796,8.0745
mp-1184797,0.0
mp-1184801,0.0
mp-1184804,0.0
mp-1184808,0.0
mp-1184857,0.0
mp-1184866,0.0
mp-1184875,0.0
mp-1184879,0.0
mp-1184882,0.0
mp-1184897,0.0
mp-1184898,0.0
mp-1184900,0.0
mp-1184903,0.0
mp-1184904,0.0
mp-1184905,0.0
mp-1184907,0.0
mp-1184908,0.0
mp-1184910,0.0
mp-1184916,0.0
mp-1184918,0.0
mp-1184923,0.0
mp-1184925,0.0
mp-1184929,0.0
mp-1184931,0.0
mp-1184938,0.0
mp-1185026,0.0
mp-1185042,0.0
mp-1185047,0.0
mp-1185059,0.0
mp-1185063,0.0
mp-1185066,0.0
mp-1185067,0.0
mp-1185070,0.0
mp-1185075,0.0
mp-1185077,0.0
mp-1185082,0.0
mp-1185085,0.0
mp-1185087,0.0
mp-1185088,0.0
mp-1185093,0.0
mp-1185096,0.0
mp-1185097,0.0
mp-1185103,0.0
mp-1185109,0.0
mp-1185110,0.0
mp-1185111,0.0
mp-1185112,0.0
mp-1185114,0.0
mp-1185116,0.0
mp-1185117,0.0
mp-1185118,0.0
mp-1185119,0.0
mp-1185120,0.0
mp-1185123,0.0
mp-1185124,0.0
mp-1185132,0.0
mp-1185133,0.0
mp-1185139,0.0
mp-1185147,0.0
mp-1185148,0.0
mp-1185150,0.0
mp-1185152,0.0
mp-1185154,0.0
mp-1185156,0.0
mp-1185157,0.0
mp-1185160,0.0
mp-1185165,0.0
mp-1185167,0.114799999999999
mp-1185170,0.0
mp-1185172,0.0
mp-1185173,0.0
mp-1185180,0.0
mp-1185188,0.0
mp-1185200,0.0
mp-1185201,0.0
mp-1185204,0.0
mp-1185211,0.0
mp-1185221,0.0
mp-1185223,0.0
mp-1185252,0.0
mp-1185253,0.0
mp-1185257,0.0
mp-1185258,0.0
mp-1185264,0.0
mp-1185266,0.0
mp-1185275,0.0
mp-1185276,0.637
mp-1185290,0.0
mp-1185298,0.0
mp-1185332,0.0
mp-1185336,0.0
mp-1185337,0.0
mp-1185411,0.0
mp-1185431,0.0
mp-1185455,0.0
mp-1185461,0.0
mp-1185469,0.0
mp-1185471,0.0
mp-1185519,0.0
mp-1185606,0.0
mp-1185608,0.0
mp-1185611,0.0
mp-1185756,0.0
mp-1185771,0.0
mp-1185777,0.0
mp-1185779,0.0
mp-1185792,0.0
mp-1185793,0.0
mp-1185795,0.0
mp-1185797,0.0
mp-1185836,0.0
mp-1185838,0.0
mp-1185840,0.0
mp-1185848,0.0
mp-1185854,0.0
mp-1185856,0.0
mp-1185858,0.0
mp-1185862,0.0
mp-1185864,0.0
mp-1185865,0.0
mp-1185866,0.0
mp-1185867,0.0
mp-1185877,0.0
mp-1185878,0.0
mp-1185879,0.0
mp-1185904,0.0
mp-1185905,0.0
mp-1185909,0.0
mp-1185912,0.0
mp-1185919,0.0
mp-1185920,0.0
mp-1185927,0.0
mp-1185928,0.0
mp-1185936,0.0
mp-1185946,0.0
mp-1185951,0.0
mp-1185954,0.0
mp-1185956,0.0
mp-1185969,0.0
mp-1185973,0.0
mp-1185983,0.0
mp-1185990,0.0
mp-1186009,0.0
mp-1186012,0.0
mp-1186025,0.0
mp-1186031,0.0
mp-1186034,0.0
mp-1186036,0.0
mp-1186040,0.0
mp-1186041,0.0
mp-1186049,0.0
mp-1186050,0.0
mp-1186052,0.0
mp-1186053,0.0
mp-1186055,0.0
mp-1186059,0.0
mp-1186066,0.0
mp-1186067,0.0
mp-1186070,0.0
mp-1186072,0.0
mp-1186076,0.0
mp-1186081,0.0
mp-1186083,0.0
mp-1186085,0.0
mp-1186087,0.0
mp-1186091,0.0
mp-1186093,0.0
mp-1186109,0.0
mp-1186127,0.0
mp-1186130,0.0
mp-1186132,0.0
mp-1186150,0.0
mp-1186151,0.0
mp-1186156,0.0
mp-1186158,0.0
mp-1186163,0.0
mp-1186165,0.0
mp-1186172,0.0
mp-1186176,0.0
mp-1186180,0.0
mp-1186182,0.0
mp-1186189,0.0
mp-1186195,0.0
mp-1186202,0.0
mp-1186217,0.0
mp-1186244,0.0
mp-1186248,4.399
mp-1186250,0.0
mp-1186252,0.0
mp-1186263,0.0
mp-1186270,0.0
mp-1186272,0.0
mp-1186273,0.0
mp-1186280,0.0
mp-1186284,0.0
mp-1186287,0.0
mp-1186299,0.0
mp-1186301,0.0
mp-1186315,0.0
mp-1186350,0.0
mp-1186355,0.0
mp-1186365,0.0
mp-1186366,0.0
mp-1186367,0.0
mp-1186368,0.0
mp-1186371,0.0
mp-1186382,0.0
mp-1186386,0.0
mp-1186393,0.0
mp-1186413,0.0
mp-1186415,0.0
mp-1186427,0.0
mp-1186429,0.0
mp-1186437,0.0
mp-1186440,0.0
mp-1186442,0.0
mp-1186443,0.0
mp-1186444,0.0
mp-1186445,0.0
mp-1186450,0.0
mp-1186463,0.0
mp-1186484,0.0
mp-1186488,0.0
mp-1186493,0.0
mp-1186494,0.0
mp-1186497,0.0
mp-1186502,0.0
mp-1186511,0.0
mp-1186512,0.0
mp-1186513,0.0
mp-1186516,0.0
mp-1186517,0.0
mp-1186518,0.0
mp-1186520,0.0
mp-1186523,0.0
mp-1186526,0.0
mp-1186528,0.0
mp-1186529,0.0
mp-1186535,0.0
mp-1186536,0.0
mp-1186537,0.0
mp-1186540,0.0
mp-1186545,0.0
mp-1186558,0.0
mp-1186563,0.0
mp-1186564,0.0
mp-1186584,0.0
mp-1186590,0.0
mp-1186622,0.0
mp-1186629,0.0
mp-1186633,0.0
mp-1186635,0.0
mp-1186642,0.0
mp-1186666,0.0
mp-1186671,0.0
mp-1186686,0.0
mp-1186691,0.0
mp-1186699,0.0
mp-1186706,0.0
mp-1186708,0.0
mp-1186711,0.0
mp-1186716,0.0
mp-1186717,0.0
mp-1186718,0.0
mp-1186719,0.0
mp-1186722,0.0
mp-1186724,0.0
mp-1186725,0.0
mp-1186726,0.0
mp-1186728,0.0
mp-1186735,0.0
mp-1186736,0.0
mp-1186737,0.0
mp-1186746,0.0
mp-1186777,0.0
mp-1186790,0.0
mp-1186803,0.0
mp-1186815,0.0
mp-1186819,0.0
mp-1186820,0.0
mp-1186822,0.0
mp-1186826,0.0
mp-1186827,0.0
mp-1186828,0.0
mp-1186842,0.0
mp-1186843,0.0
mp-1186847,0.0
mp-1186853,0.0
mp-1186856,0.0
mp-1186863,0.0
mp-1186864,0.0
mp-1186867,0.0
mp-1186870,0.0
mp-1186871,0.0
mp-1186874,0.0
mp-1186875,0.0
mp-1186879,0.0
mp-1186883,0.0
mp-1186889,0.0
mp-1186891,0.0
mp-1186899,0.0
mp-1186901,0.0
mp-1186904,0.0
mp-1186910,0.0
mp-1186916,0.0
mp-1186919,0.0
mp-1186925,0.0
mp-1186969,0.0
mp-1186972,0.0
mp-1186989,0.0
mp-1186990,0.0
mp-1187004,0.0
mp-1187007,0.0
mp-1187010,0.0
mp-1187012,0.0
mp-1187019,0.0
mp-1187021,0.0
mp-1187030,0.0
mp-1187032,0.0
mp-1187045,0.0
mp-1187054,0.0
mp-1187057,0.0
mp-1187073,0.0
mp-1187080,0.0
mp-1187084,0.0
mp-1187100,0.0
mp-1187110,0.0
mp-1187114,0.0
mp-1187123,0.0
mp-1187141,0.0
mp-1187142,0.0
mp-1187148,0.0
mp-1187149,0.0
mp-1187156,0.0
mp-1187158,4.386
mp-1187169,0.0
mp-1187177,0.0
mp-1187178,3.8101
mp-1187215,0.0
mp-1187223,0.0
mp-1187227,0.0
mp-1187229,0.0
mp-1187230,0.0
mp-1187236,0.0
mp-1187239,0.0
mp-1187255,0.0
mp-1187256,0.0
mp-1187268,0.0
mp-1187275,0.0
mp-1187278,0.0
mp-1187288,0.0
mp-1187289,0.0
mp-1187294,0.0
mp-1187295,0.0
mp-1187300,0.0
mp-1187301,0.0
mp-1187309,0.0
mp-1187311,0.0
mp-1187313,0.0
mp-1187316,0.0
mp-1187322,0.0
mp-1187323,0.0
mp-1187324,0.0
mp-1187325,0.0
mp-1187331,0.0
mp-1187350,0.0
mp-1187354,0.0
mp-1187360,0.0
mp-1187386,0.0
mp-1187396,0.0
mp-1187405,0.0
mp-1187406,0.0
mp-1187408,0.0
mp-1187410,0.0
mp-1187414,0.0
mp-1187446,0.0
mp-1187450,0.0
mp-1187451,0.0
mp-1187457,0.0
mp-1187468,0.0
mp-1187474,0.0
mp-1187475,0.0
mp-1187512,0.0
mp-1187528,0.0
mp-1187541,0.0
mp-1187544,0.0
mp-1187545,0.0
mp-1187546,0.0
mp-1187547,0.0
mp-1187549,0.0
mp-1187550,0.0
mp-1187551,0.0
mp-1187554,0.0
mp-1187555,0.0
mp-1187597,0.0
mp-1187637,0.0
mp-1187647,0.0
mp-1187648,0.0
mp-1187652,0.0
mp-1187668,0.0
mp-1187669,0.0
mp-1187675,0.0
mp-1187678,0.0
mp-1187683,0.0
mp-1187717,0.0
mp-1187719,0.0
mp-1187734,0.0
mp-1187739,0.0
mp-1187742,0.0
mp-1187748,0.0
mp-1187753,0.0
mp-1187756,0.0
mp-1187758,0.0
mp-1187761,6.179399999999999
mp-1187769,6.2294
mp-1187777,6.152100000000001
mp-1187786,0.0
mp-1187787,0.0
mp-1187790,0.0
mp-1187795,0.0
mp-1187805,0.0
mp-1187812,0.0
mp-1187816,0.0
mp-1187819,0.0
mp-1187829,0.0
mp-1187844,0.0
mp-1187848,0.0
mp-1187849,0.0
mp-1187875,0.0
mp-1187881,0.0
mp-1187882,0.0
mp-1187887,0.0
mp-1187893,0.0
mp-1187903,0.0
mp-1187936,0.0
mp-1187941,0.0
mp-1187946,0.0
mp-1187951,0.0
mp-1187966,0.0
mp-1187973,0.0
mp-1187976,0.0
mp-1187981,0.0
mp-1188016,0.0
mp-1188028,0.0
mp-1188030,0.0
mp-1188041,0.0
mp-1188048,0.0
mp-1188054,0.0
mp-1188068,0.0
mp-1188069,0.0
mp-1188177,7.3865
mp-1188205,0.0
mp-1188283,0.0
mp-1188363,0.0
mp-1188393,0.0
mp-1188413,0.0
mp-1188425,0.0
mp-1188513,0.0
mp-1188702,0.0
mp-1188817,0.0
mp-1188909,0.0
mp-1188928,0.0
mp-1188977,0.0
mp-1189177,2.2929
mp-1189414,0.0
mp-1189496,0.0
mp-1189505,0.2718
mp-1189560,0.0
mp-1189634,0.0
mp-1189696,0.0
mp-1189780,0.237499999999998
mp-1189810,0.0
mp-1189845,0.0
mp-1190013,0.0
mp-1190171,4.3294999999999995
mp-1190217,0.0
mp-1190410,0.0
mp-1190583,0.0
mp-1190719,0.0
mp-1191079,0.0
mp-1191483,0.0
mp-1191484,0.0
mp-1191581,0.0
mp-1191610,0.0
mp-1191680,0.0
mp-1192044,0.059599999999999
mp-1192095,0.0
mp-1192251,0.0
mp-1192532,4.0154
mp-1192606,0.0
mp-1192619,0.066799999999999
mp-1192771,0.0
mp-1192789,0.0
mp-1192954,0.0
mp-1192955,0.4608
mp-1193047,0.0
mp-1193055,0.0
mp-1193202,0.0
mp-1193227,0.0
mp-1193531,0.0
mp-1193675,1.5133
mp-1193848,0.0
mp-1193944,1.4546
mp-1194030,0.0
mp-1194495,0.0
mp-1194828,0.0905
mp-1195106,4.9384
mp-1195198,4.3472
mp-1195396,0.0
mp-1195735,0.6992
mp-1195927,0.0
mp-1196279,0.0
mp-1196583,1.3517
mp-1196590,0.0
mp-1196703,0.0
mp-1196831,2.3162000000000003
mp-1196857,0.5989
mp-1196886,0.0
mp-1196953,0.0
mp-1196961,1.1285
mp-1196985,0.0
mp-1197020,0.0
mp-1197206,0.0
mp-1197211,0.001299999999999
mp-1197234,0.5691
mp-1197770,0.0
mp-1197903,0.0797
mp-1197997,0.0
mp-1198022,1.1428
mp-1198150,0.5469
mp-1198191,0.0
mp-1198195,0.0
mp-1198229,0.0
mp-1198372,0.0
mp-1198423,0.0
mp-1198478,2.0113
mp-1198712,0.0
mp-1198724,1.9259
mp-1199016,0.0
mp-1199133,0.014699999999999
mp-1199158,0.0
mp-1199235,0.0
mp-1199277,0.0
mp-1199447,0.1695
mp-1199558,0.0
mp-1199711,0.092599999999999
mp-1199894,0.998499999999999
mp-1199937,0.0
mp-1199998,5.5867
mp-1200226,0.0
mp-1200324,0.0
mp-1200613,0.0
mp-1200830,1.073499999999999
mp-1201064,0.6991
mp-1201082,0.0
mp-1201140,0.0
mp-1201168,0.0
mp-1201202,0.1409
mp-1201266,0.0
mp-1201454,0.0
mp-1201492,1.010699999999999
mp-1201760,0.0
mp-1201811,0.0
mp-1201852,1.9717
mp-1202035,0.0
mp-1202367,0.0
mp-1202723,0.0
mp-1202745,0.8932000000000001
mp-1202754,0.0
mp-1202778,0.0
mp-1202900,0.0
mp-1203015,2.0349
mp-1203269,0.014999999999999
mp-1203286,0.0
mp-1203368,0.146399999999999
mp-1203373,0.0
mp-1203489,0.0
mp-1203550,0.0
mp-1203554,0.0
mp-1203572,0.0
mp-1203602,0.475
mp-1203650,0.0
mp-1203655,5.4771
mp-1203719,0.0
mp-1203760,1.0648
mp-1203767,0.0
mp-1203790,1.359999999999999
mp-1204046,0.1508
mp-1204458,0.0
mp-1204627,1.521599999999999
mp-1205021,0.0
mp-1205022,0.113499999999999
mp-1205180,0.0
mp-1205212,2.4325
mp-1205283,0.106
mp-1205302,0.0
mp-1205346,0.0
mp-1205360,0.0
mp-1205379,5.7745
mp-1205417,4.1977
mp-1205418,0.0
mp-1205422,0.0
mp-1205436,0.0
mp-1205444,0.0
mp-1205447,0.0
mp-1205462,2.3862
mp-1205504,0.0
mp-1205567,0.6648000000000001
mp-1205768,0.0
mp-1205852,0.8523000000000001
mp-1205858,0.0
mp-1205955,0.0
mp-1206058,2.199799999999999
mp-1206225,0.1578
mp-1206229,0.0
mp-1206243,0.0
mp-1206244,0.0
mp-1206313,0.0
mp-1206338,0.0
mp-1206389,0.0
mp-1206408,0.0
mp-1206428,0.0
mp-1206498,0.9082
mp-1206519,0.191699999999999
mp-1206559,0.0
mp-1206610,0.0
mp-1206652,0.0
mp-1206659,0.0
mp-1206672,0.0
mp-1206675,0.0
mp-1206677,0.0
mp-1206688,0.0
mp-1206707,0.0
mp-1206731,0.0
mp-1206747,0.0
mp-1206750,0.0
mp-1206755,0.0
mp-1206780,0.0
mp-1206891,1.0096
mp-1206936,0.0
mp-1206966,0.0
mp-1206986,0.1543
mp-1207004,0.0
mp-1207006,0.164299999999999
mp-1207024,0.0
mp-1207089,0.0
mp-1207100,0.0
mp-1207162,0.0
mp-1207242,0.0
mp-1207258,0.026699999999999
mp-1207280,0.092
mp-1207306,0.363899999999999
mp-1207317,0.0
mp-1207320,0.202799999999999
mp-1207343,0.1406
mp-1207355,0.0
mp-1207380,0.0
mp-1207419,0.0
mp-1207421,0.0
mp-1207439,0.0
mp-1207504,0.0
mp-1207561,0.0
mp-1207735,0.0
mp-1207826,0.0
mp-1207855,0.0
mp-1207893,0.0
mp-1207993,0.0
mp-1208168,0.0
mp-1208221,0.0
mp-1208223,0.0
mp-1208426,0.032499999999999
mp-1208450,0.121799999999999
mp-1208498,0.0
mp-1208550,0.0
mp-1208572,0.9803
mp-1208655,0.0
mp-1208665,0.300399999999999
mp-1208775,0.0
mp-1208933,0.0
mp-1209233,0.0
mp-1209498,0.6557000000000001
mp-1209538,0.0
mp-1209822,0.0
mp-1209828,0.0
mp-1209830,1.7542
mp-1210280,0.0
mp-1210339,0.0
mp-1210439,0.1123
mp-1210567,0.0
mp-1210582,0.0
mp-1210627,0.0
mp-1210677,0.0
mp-1210958,0.0
mp-1211583,0.067399999999999
mp-1212113,0.0
mp-1212508,0.0
mp-1212550,0.129199999999999
mp-1212680,0.0
mp-1213016,0.0
mp-1213127,0.0
mp-1213182,0.0
mp-1213313,0.0
mp-1213387,0.0
mp-1213423,0.0
mp-1213526,0.0
mp-1213556,0.0277
mp-1213665,0.0
mp-1213754,0.0
mp-1213756,0.0
mp-1213975,0.0
mp-1214175,0.0
mp-1214306,0.0
mp-1214760,0.0
mp-1214775,0.0
mp-1214795,0.068199999999999
mp-1215090,0.0
mp-1215137,0.0192
mp-1215236,0.0
mp-1215257,0.0
mp-1215274,0.0
mp-1215363,0.0
mp-1215428,0.0
mp-1215473,0.0
mp-1215488,0.0
mp-1215509,0.0
mp-1215522,0.0
mp-1215598,0.0
mp-1215649,0.0
mp-1215724,0.0
mp-1215747,0.0
mp-1215845,0.0
mp-1215997,0.0
mp-1216020,0.0
mp-1216050,1.5869
mp-1216274,0.0
mp-1216300,0.0
mp-1216314,0.0
mp-1216446,0.0
mp-1216463,0.0
mp-1216464,0.0
mp-1216590,0.0
mp-1216611,0.0
mp-1216708,0.0
mp-1216825,0.0
mp-1216851,0.0
mp-1216986,0.0
mp-1217048,0.0
mp-1217081,0.0
mp-1217105,0.0
mp-1217113,0.0
mp-1217135,0.0
mp-1217149,0.0
mp-1217152,0.0
mp-1217157,0.0
mp-1217167,0.0
mp-1217168,0.0
mp-1217312,0.1278
mp-1217322,0.7062
mp-1217326,0.0
mp-1217329,0.0
mp-1217345,0.0
mp-1217358,0.0
mp-1217367,0.0
mp-1217429,0.0
mp-1217469,0.0
mp-1217629,0.0
mp-1217673,1.5609000000000002
mp-1217739,0.0
mp-1217756,0.0
mp-1217804,0.0
mp-1217805,0.0
mp-1217869,0.0
mp-1217961,0.0
mp-1217971,0.0
mp-1218001,1.6696
mp-1218017,0.0
mp-1218021,0.0
mp-1218044,0.0
mp-1218055,0.0
mp-1218065,0.0
mp-1218141,2.5913
mp-1218160,0.0
mp-1218446,0.0
mp-1218920,0.0
mp-1218964,0.0
mp-1219167,1.7192
mp-1219175,0.0
mp-1219328,1.8983
mp-1219386,0.0
mp-1219474,0.0
mp-1219538,0.0
mp-1219565,0.0
mp-1219667,0.0
mp-1219669,0.0
mp-1219748,1.051499999999999
mp-1219775,0.0
mp-1219820,0.0
mp-1219822,0.0
mp-1220048,0.0
mp-1220085,0.0
mp-1220318,0.0
mp-1220379,0.0
mp-1220479,0.0
mp-1220493,0.0
mp-1220519,0.0
mp-1220609,0.0
mp-1220657,0.0657
mp-1220830,0.0
mp-1220932,0.0
mp-1221185,0.0
mp-1221495,0.2942
mp-1221542,0.0
mp-1221564,0.0
mp-1221597,0.0
mp-1221697,0.0
mp-1221884,0.0
mp-1221957,0.0
mp-1222002,0.0
mp-1222037,0.0
mp-1222233,0.0
mp-1222266,0.0
mp-1222412,0.1282
mp-1222413,0.091899999999999
mp-1222421,0.0
mp-1222584,0.0
mp-1222990,0.0
mp-1223154,0.0
mp-1223320,0.0
mp-1223633,0.0
mp-1223637,0.0
mp-1223699,0.0
mp-1223755,0.0
mp-1223784,0.0
mp-1223890,0.0
mp-1223902,0.0
mp-1223904,1.517
mp-1223969,0.0
mp-1223977,0.0
mp-1223984,0.0
mp-1223990,0.0
mp-1224013,0.0
mp-1224016,0.0
mp-1224025,0.0
mp-1224223,0.0
mp-1224298,0.0
mp-1224311,0.0
mp-1224313,0.0
mp-1224349,0.0
mp-1224390,0.0
mp-1224431,0.7993
mp-1224475,0.0
mp-1224674,1.325
mp-1224785,0.0
mp-1224870,0.0
mp-1225009,0.0
mp-1225083,0.0
mp-1225154,0.0
mp-1225170,0.0
mp-1225177,0.0
mp-1225186,0.0
mp-1225210,0.0
mp-1225226,0.0
mp-1225275,1.5409000000000002
mp-1225309,0.0
mp-1225322,0.0
mp-1225436,0.0
mp-1225508,0.232499999999999
mp-1225566,0.0
mp-1225717,0.0
mp-1225731,0.0
mp-1225751,0.0
mp-1225892,3.79
mp-1225980,0.0
mp-1225993,1.2158
mp-1226058,0.0
mp-1226145,0.0
mp-1226358,0.117899999999999
mp-1226722,0.0
mp-1226890,0.0
mp-1227047,0.0
mp-1227283,0.0
mp-1227307,0.0
mp-1227355,0.0
mp-1227392,0.0
mp-1227413,0.0
mp-1227527,0.0
mp-1227541,0.0
mp-1227634,0.0
mp-1227975,0.0
mp-1228008,0.0
mp-1228098,0.0
mp-1228647,0.0
mp-1228665,0.0
mp-1228713,0.0
mp-1228752,0.0
mp-1228790,0.0
mp-1228793,0.0
mp-1228799,0.458199999999999
mp-1228806,0.0
mp-1228811,0.0
mp-1228815,0.0
mp-1228854,0.0
mp-1228868,0.0
mp-1228956,0.0
mp-1229041,0.0
mp-1229048,0.0
mp-1229101,0.0
mp-1229215,0.0
mp-1232036,0.0
mp-1232117,0.0
mp-1232184,1.619199999999999
mp-1232214,0.0
mp-1232216,0.0
mp-1232230,0.0
mp-1232237,0.0
mp-1232239,0.0
mp-1232271,0.0
mp-1232273,0.0
mp-1232391,0.0
mp-1232418,0.0
mp-1232782,0.0
mp-1232897,0.0
mp-1232999,0.152099999999999
mp-1235252,0.0
mp-1236127,0.088899999999999
mp-1236522,0.2727
mp-1236935,0.0
mp-1237483,0.0
mp-1237695,0.0
mp-1238787,0.0
mp-1238808,0.0
mp-1238818,0.0
mp-1238842,0.0
mp-1238961,2.341
mp-1239169,0.7267
mp-1239172,0.0
mp-1239183,0.014299999999999
mp-1239193,0.0
mp-1239196,0.0
mp-1244644,0.0
mp-1244647,0.0
mp-1244866,0.0
mp-1244867,0.0
mp-1244868,3.5103
mp-1244869,0.220199999999999
mp-1244870,0.03
mp-1244871,1.704899999999999
mp-1244872,1.5766
mp-1244874,3.626
mp-1244877,0.0
mp-1244878,3.4995
mp-1244879,0.0
mp-1244880,0.735399999999999
mp-1244881,0.042699999999999
mp-1244882,0.2197
mp-1244883,3.7691
mp-1244884,0.160599999999999
mp-1244885,3.4783
mp-1244886,0.0487
mp-1244887,4.003399999999999
mp-1244888,2.9084000000000003
mp-1244889,0.5422
mp-1244890,0.9376
mp-1244892,3.6741
mp-1244893,0.0
mp-1244894,0.0
mp-1244895,0.0
mp-1244896,0.0327
mp-1244897,0.006999999999999
mp-1244898,3.6405
mp-1244899,0.007699999999999
mp-1244900,2.0373
mp-1244901,0.4765
mp-1244902,2.1384
mp-1244903,0.0691
mp-1244904,0.8101
mp-1244906,1.903299999999999
mp-1244907,4.4843
mp-1244909,3.8764
mp-1244911,0.283199999999999
mp-1244912,0.523899999999999
mp-1244913,0.106
mp-1244914,0.907099999999999
mp-1244916,0.034399999999999
mp-1244917,1.1992
mp-1244918,3.4320999999999993
mp-1244919,4.4524
mp-1244920,0.9453
mp-1244921,1.0285
mp-1244922,0.6826000000000001
mp-1244924,0.0
mp-1244925,0.5285000000000001
mp-1244926,0.006899999999999
mp-1244927,0.132099999999999
mp-1244928,3.189599999999999
mp-1244929,1.7942
mp-1244930,3.8784
mp-1244932,1.8296
mp-1244933,0.0
mp-1244934,0.0
mp-1244935,0.5225999999999991
mp-1244936,1.2177
mp-1244937,3.713799999999999
mp-1244938,2.1521
mp-1244939,0.258099999999999
mp-1244940,3.7617
mp-1244941,0.3161
mp-1244942,0.1626
mp-1244943,1.1885
mp-1244944,0.0
mp-1244945,5.016999999999999
mp-1244946,0.043899999999999
mp-1244947,4.084
mp-1244948,0.0128
mp-1244949,3.0469
mp-1244953,0.0
mp-1244954,3.5223999999999993
mp-1244955,0.0
mp-1244956,0.0
mp-1244960,5.6276
mp-1244961,0.8882
mp-1244962,2.202499999999999
mp-1244963,4.7618
mp-1244964,0.0724
mp-1244965,1.5998
mp-1244966,1.2346
mp-1244967,3.9432
mp-1244968,2.9151
mp-1244969,0.1129
mp-1244970,3.3243
mp-1244971,0.003099999999999
mp-1244972,0.9524999999999992
mp-1244973,0.0518
mp-1244974,0.9256
mp-1244975,0.087499999999999
mp-1244977,0.0
mp-1244978,0.1205
mp-1244979,0.8320999999999991
mp-1244980,1.4016
mp-1244981,2.0628
mp-1244982,3.8673
mp-1244983,0.2905
mp-1244984,0.0
mp-1244985,0.5233
mp-1244986,1.4278
mp-1244987,0.0
mp-1244988,0.3521
mp-1244989,0.9544999999999992
mp-1244990,0.0
mp-1244991,1.5503
mp-1244992,2.9973
mp-1244994,3.7363
mp-1244995,0.155699999999999
mp-1244996,0.9218
mp-1244997,3.4465
mp-1244998,0.0
mp-1244999,0.0
mp-1245000,0.033399999999999
mp-1245001,0.0459
mp-1245002,0.0001
mp-1245004,0.8065000000000001
mp-1245005,0.6144000000000001
mp-1245006,0.0
mp-1245008,3.846299999999999
mp-1245009,2.723
mp-1245010,0.070899999999999
mp-1245011,0.0235
mp-1245012,0.8943000000000001
mp-1245013,0.0874
mp-1245014,0.0887
mp-1245015,1.2763
mp-1245017,2.8211
mp-1245018,2.0229
mp-1245019,1.1378
mp-1245020,0.9297
mp-1245022,0.6707999999999991
mp-1245023,3.4326
mp-1245024,3.9081
mp-1245025,4.1254
mp-1245026,1.9065
mp-1245027,0.671299999999999
mp-1245030,0.059199999999999
mp-1245031,0.018399999999999
mp-1245033,0.002199999999999
mp-1245034,1.2473
mp-1245035,1.2791
mp-1245036,3.417700000000001
mp-1245037,3.5907
mp-1245039,1.9229
mp-1245040,0.705199999999999
mp-1245041,0.027599999999999
mp-1245043,3.235299999999999
mp-1245044,1.6532
mp-1245045,2.8658
mp-1245046,0.036399999999999
mp-1245047,0.5321
mp-1245048,0.167599999999999
mp-1245049,0.7883
mp-1245050,0.8749
mp-1245051,0.0
mp-1245052,3.727499999999999
mp-1245054,0.9214
mp-1245055,3.9786
mp-1245056,3.8619
mp-1245057,4.231
mp-1245058,0.7725000000000001
mp-1245059,0.679299999999999
mp-1245060,4.2425
mp-1245061,0.6666000000000001
mp-1245062,1.2026
mp-1245063,3.859700000000001
mp-1245064,0.768899999999999
mp-1245065,3.1609
mp-1245066,0.0
mp-1245067,0.0
mp-1245068,0.8571000000000001
mp-1245069,0.075299999999999
mp-1245070,1.3621
mp-1245074,0.0
mp-1245075,0.0
mp-1245076,0.534099999999999
mp-1245077,0.7629
mp-1245078,1.1123
mp-1245079,4.321099999999999
mp-1245080,3.6482
mp-1245081,3.4702
mp-1245082,0.8792000000000001
mp-1245084,0.121099999999999
mp-1245086,0.018299999999999
mp-1245088,0.0
mp-1245089,0.2662
mp-1245091,0.467999999999999
mp-1245092,2.461
mp-1245093,0.0
mp-1245095,0.0
mp-1245096,0.7321000000000001
mp-1245097,0.466699999999999
mp-1245098,2.6007
mp-1245099,0.134199999999999
mp-1245101,0.7825000000000001
mp-1245102,0.8365
mp-1245104,3.2726
mp-1245106,0.0
mp-1245107,3.7499
mp-1245108,0.0
mp-1245109,1.2176
mp-1245110,0.0
mp-1245111,3.5496
mp-1245112,3.620099999999999
mp-1245113,0.0
mp-1245115,0.4361
mp-1245116,0.6303000000000001
mp-1245117,0.342299999999999
mp-1245118,0.7675000000000001
mp-1245119,0.02
mp-1245120,1.8967
mp-1245121,1.0069
mp-1245122,1.273699999999999
mp-1245123,0.6301999999999991
mp-1245125,0.9064
mp-1245126,0.3577
mp-1245128,1.9477
mp-1245129,0.0
mp-1245130,0.0968
mp-1245132,0.0
mp-1245133,0.481499999999999
mp-1245134,2.4383
mp-1245135,0.066399999999999
mp-1245136,1.0437
mp-1245137,0.3371
mp-1245138,0.0099
mp-1245140,0.0
mp-1245141,0.0163
mp-1245142,0.409299999999999
mp-1245143,1.877299999999999
mp-1245145,5.4932
mp-1245146,0.0
mp-1245148,0.0
mp-1245149,0.0365
mp-1245150,0.0
mp-1245152,0.0
mp-1245153,0.6525000000000001
mp-1245154,0.3798
mp-1245156,1.8996
mp-1245157,2.081499999999999
mp-1245158,5.5824
mp-1245160,0.5126000000000001
mp-1245162,1.5838
mp-1245164,0.006299999999999
mp-1245165,0.0
mp-1245167,2.047
mp-1245168,0.0541
mp-1245169,0.9117999999999992
mp-1245170,0.0
mp-1245171,0.9141999999999992
mp-1245172,0.0262
mp-1245173,3.814899999999999
mp-1245174,0.7431
mp-1245175,0.0034
mp-1245176,0.0
mp-1245177,0.3066
mp-1245178,1.0304
mp-1245181,0.0
mp-1245182,2.0754
mp-1245183,3.4985
mp-1245184,0.0
mp-1245185,4.1765
mp-1245186,0.0
mp-1245188,0.0
mp-1245189,0.0
mp-1245190,0.0
mp-1245191,3.645299999999999
mp-1245192,1.3032
mp-1245193,0.2781
mp-1245194,1.2387
mp-1245195,2.074999999999999
mp-1245196,3.2057
mp-1245197,0.8638
mp-1245198,0.2495
mp-1245199,1.253299999999999
mp-1245200,1.997399999999999
mp-1245201,0.8819999999999991
mp-1245202,0.681199999999999
mp-1245203,0.6969000000000001
mp-1245205,0.116199999999999
mp-1245206,0.0
mp-1245208,0.274799999999999
mp-1245209,1.2421
mp-1245211,3.779599999999999
mp-1245212,4.4300999999999995
mp-1245213,0.8508000000000001
mp-1245215,0.0
mp-1245216,0.8635
mp-1245217,0.0
mp-1245218,1.7562
mp-1245219,0.4488
mp-1245220,1.0574
mp-1245221,0.926099999999999
mp-1245222,0.476
mp-1245224,2.735999999999999
mp-1245226,3.401
mp-1245227,0.5707
mp-1245228,1.7402000000000002
mp-1245229,1.4928
mp-1245231,1.6715
mp-1245232,1.887699999999999
mp-1245233,0.0
mp-1245234,3.110699999999999
mp-1245236,0.8346
mp-1245237,3.928
mp-1245238,1.2996
mp-1245240,0.3435
mp-1245242,0.0
mp-1245244,0.0195
mp-1245245,0.017199999999999
mp-1245246,1.0438
mp-1245247,0.7144
mp-1245248,0.793199999999999
mp-1245249,0.6779000000000001
mp-1245250,0.0
mp-1245251,3.264099999999999
mp-1245252,0.298699999999999
mp-1245254,3.4308
mp-1245255,0.93
mp-1245257,0.6132000000000001
mp-1245258,0.0
mp-1245262,4.0581
mp-1245263,1.994099999999999
mp-1245264,2.5694
mp-1245265,3.339299999999999
mp-1245266,0.0
mp-1245267,1.9695
mp-1245268,0.341599999999999
mp-1245270,4.4793
mp-1245271,0.8047000000000001
mp-1245272,0.95
mp-1245274,0.0
mp-1245275,0.9927999999999992
mp-1245276,1.749499999999999
mp-1245277,0.3018
mp-1245278,0.6804
mp-1245279,3.4983999999999993
mp-1245280,1.1832
mp-1245281,0.0544
mp-1245282,0.0
mp-1245283,0.8613000000000001
mp-1245284,1.0438
mp-1245285,2.9624
mp-1245286,0.0
mp-1245287,0.181899999999999
mp-1245288,0.0
mp-1245291,2.9366000000000003
mp-1245292,0.035099999999999
mp-1245293,0.9331
mp-1245294,0.0
mp-1245295,0.0
mp-1245296,0.823399999999999
mp-1245297,1.0362
mp-1245298,1.7653999999999992
mp-1245299,3.145899999999999
mp-1245300,1.144199999999999
mp-1245301,0.8285
mp-1245302,0.083099999999999
mp-1245303,2.7845
mp-1245304,0.347099999999999
mp-1245305,2.4659
mp-1245307,0.0
mp-1245308,2.3002
mp-1245309,0.0
mp-1245310,0.585
mp-1245311,1.480999999999999
mp-1245312,0.8909
mp-1245314,0.0
mp-1245315,1.1409
mp-1245316,0.6392
mp-1245317,1.170599999999999
mp-1245318,2.9114
mp-1245319,1.4226
mp-1245320,0.0
mp-1245321,2.4087
mp-1245322,0.3001
mp-1245323,1.705699999999999
mp-1245324,0.0007
mp-1245325,1.073899999999999
mp-1245326,0.0
mp-1245327,0.3509
mp-1245329,0.5174000000000001
mp-1246134,0.0
mp-1246684,0.0
mp-1247117,0.0
mp-1247180,0.0
mp-1247808,0.0
mp-1247838,0.5859999999999991
mp-1247839,1.384599999999999
mp-1247846,3.6167
mp-1247858,0.065199999999999
mp-1247873,1.9747
mp-1247874,0.0277
mp-1247880,0.005099999999999
mp-1247882,0.480399999999999
mp-1247896,3.191899999999999
mp-1248087,0.0
mp-1248957,5.7415
mp-1249637,5.6978
mp-1250310,0.0
mp-1250351,0.0
mp-1250755,0.204999999999999
mp-1251148,7.4507
mp-1255188,0.0
mp-1257615,0.0
mp-1260852,0.0
mp-1262288,0.0
mp-1262335,0.0
mp-1262552,0.0
mp-1262925,0.0
mp-1267863,0.0
mp-1268191,0.0
mp-1271068,0.0
mp-1271121,1.638199999999999
mp-1271128,0.0
mp-1271142,0.0
mp-1271165,0.2253
mp-1271198,0.0
mp-1271978,1.208999999999999
mp-1272087,1.520699999999999
mp-1272680,1.2544
mp-1273331,0.8225
mp-1274279,1.8157
mp-1281333,0.014699999999999
mp-1287184,1.9785
mp-1289705,1.246
mp-1326565,0.0
mp-1341154,0.0
mp-1342078,0.0
mp-1342139,0.0
mp-1342828,0.0
mp-1343930,0.0
mp-1343966,0.0
mp-1344756,0.0
mp-1347342,0.0
mp-1350563,1.3423
mp-1351349,0.0301
mp-1351647,0.8315999999999991
mp-1353031,0.6626999999999991
mp-1354450,0.0
mp-1356631,1.2083
mp-1359489,0.353899999999999
mp-1359927,0.9567999999999992
mp-1364247,0.9797999999999992
mp-1372329,0.0
mp-1376661,0.0
mp-1378759,0.0
mp-1380432,1.677999999999999
mp-1383199,4.3454
mp-1383505,0.0
mp-1383615,0.0
mp-1385353,0.0
mp-1388338,0.0
mp-1389247,0.0
mp-1391176,0.1484
mp-1393345,1.1467
mp-1394093,0.0
mp-1395134,3.1313
mp-1396980,0.6554
mp-1397283,0.0
mp-1398291,0.0
mp-1398433,0.0
mp-1399135,0.0
mp-1399565,1.0276
mp-1399869,0.0
mp-1399879,0.0
mp-1400283,0.0
mp-1402363,0.0
mp-1402840,1.165
mp-1403490,0.0
mp-1403870,0.0
mp-1403979,0.0
mp-1404518,0.0
mp-1404844,1.6161999999999992
mp-1406221,0.0
mp-1407329,0.0
mp-1417269,0.0
mp-1419585,0.0
mp-1423059,1.110999999999999
mp-1430841,0.0
mp-1443423,0.0
mp-1443513,2.520299999999999
mp-1443809,0.0
mp-1445089,1.8186
mp-1445439,0.0
mp-1446045,1.0737
mp-1523415,0.4797
mp-1523643,0.0
mp-1524302,0.0
mp-1524452,0.9855
mp-1524458,3.1633
mp-1524481,8.309
mp-1524762,6.0836
mp-1524805,0.0
mp-1524991,0.0
mp-1525045,0.0
mp-1525121,1.687399999999999
mp-1525145,0.0
mp-1525391,0.0
mp-1525464,0.0
mp-1525492,0.0
mp-1525568,0.0
mp-1525632,2.8979
mp-1525634,1.2444
mp-1525652,0.0
mp-1525745,0.0
mp-1543931,0.0
mp-1544973,0.1607
mp-1545138,0.0
mp-1545417,0.7358999999999991
mp-1545455,0.0
mp-1545458,0.0
mp-1545661,0.4634
mp-1545923,0.0
mp-1546006,2.2075
mp-1546032,0.439099999999999
mp-1546836,0.0
mp-1776732,0.0
mp-1947043,0.080799999999999
mp-1949090,0.0
mp-1949606,0.0
mp-1949616,0.0
mp-1949763,0.0655
mp-1949777,0.0
mp-1974574,0.0
mp-1974672,1.390399999999999
mp-1974719,3.1608
mp-1975010,0.0
mp-1975044,0.0
mp-1975297,1.6666999999999992
mp-1977409,2.1168
mp-1977495,0.0
mp-1977763,0.0
mp-1978391,0.0
mp-1981700,0.0
mp-1983234,0.0
mp-1985644,0.0
mp-1987603,0.0
mp-2013388,0.0
mp-2014814,0.9229
mp-2016042,0.0
mp-2016733,0.0
mp-2017191,0.0
mp-2017534,0.0
mp-2017630,0.0
mp-2018161,0.0
mp-2018526,0.0
mp-2018598,0.0
mp-2018774,0.0
mp-2019746,0.0
mp-2019999,0.0
mp-2021192,0.0
mp-2022276,0.0
mp-2025704,1.0891
mp-2026078,0.0
mp-2030206,0.0
mp-2034362,0.0
mp-2034504,0.0
mp-2036083,0.0
mp-2036706,0.009199999999999
mp-2037040,5.1152
mp-2037445,0.0
mp-2037918,0.0
mp-2039388,0.0
mp-2039648,0.0
mp-2039668,1.5689000000000002
mp-2041583,1.189099999999999
mp-2043365,0.0
mp-2045196,0.0
mp-2047263,0.0
mp-2049132,0.216299999999999
mp-2049878,1.621
mp-2050029,0.025799999999999
mp-2050200,0.4114
mp-2050241,0.0
mp-2051155,1.3509
mp-2204849,2.720399999999999
mp-2204861,0.0
mp-2205701,0.0
mp-2206907,2.285
mp-2214725,1.2909
mp-2215229,0.1673
mp-2235359,1.3106
mp-2285616,0.0
mp-2350391,1.6745
mp-2351841,0.0
mp-2352325,1.5517999999999992
mp-2353328,0.068899999999999
mp-2360071,0.0
mp-2362466,0.0
mp-2374583,5.0006
mp-2394167,0.0
mp-2421172,2.764199999999999
mp-2475638,0.0
mp-2516584,0.181999999999999
mp-2629196,0.4089
mp-2637304,1.4387
mp-2646971,0.0
mp-2646972,0.0
mp-2646977,0.0
mp-2646978,0.188699999999999
mp-2646979,0.0
mp-2646980,0.0
mp-2646990,0.0
mp-2646993,0.0
mp-2646997,0.0
mp-2647000,0.0
mp-2647008,0.0
mp-2647013,0.0
mp-2647017,0.244099999999999
mp-2647022,0.0
mp-2647025,0.0
mp-2647031,0.0
mp-2647032,0.0
mp-2647037,0.0
mp-2647044,0.0
mp-2647047,0.0
mp-2647057,0.0
mp-2647062,0.0
mp-2647063,0.0
mp-2647074,0.0
mp-2647103,0.0
mp-2647117,0.0
mp-2647135,0.0
mp-2739124,0.0
mp-2739136,10.5229
mp-2739215,2.6679999999999993
mp-2739257,0.0
mp-2739273,0.0
mp-2740066,0.0
mp-2745918,0.0
mp-2751309,0.0
mp-2752790,0.0
mp-2761342,0.0
mp-2766207,0.6684999999999991
mp-2766281,0.0
mp-2766475,0.0
mp-2803876,0.0
mp-2901386,0.0
mp-2901864,0.0
mp-2911895,1.4012
mp-2912462,0.0
mp-2925199,0.6758000000000001
mp-3216667,0.0
mp-3216688,0.0
mp-3216741,0.0
mp-3216821,0.347399999999999
mp-3217104,0.1067
mp-3217237,0.0
